NC_045512	AA	Genome	Alignment	GU053651	FJ718994	NC_003436	DQ112226	AAT98578	YP_0090472	KU182965	AY994055	DQ160294	Annotation	Impact	Reference	Variant
1	S	10056	37	3	3	1	3	1	1	37	3	3				no
2	G	10059	38	4	4	2	4	2	2	38	4	4				no
3	F	10062	39	5	5	3	5	3	3	39	5	5				no
4	R	10065	40	6	6	4	6	4	4	40	6	6				no
5	K	10068	41	7	7	5	7	5	5	41	7	7				no
6	M	10071	42	8	8	6	8	6	6	42	8	8				no
7	A	10074	43	9	9	7	9	7	7	43	9	9				no
8	F	10077	44	10	10	8	10	8	8	44	10	10				no
9	P	10080	45	11	11	9	11	9	9	45	11	11				no
10	S	10083	46	12	12	10	12	10	10	46	12	12				no
11	G	10086	47	13	13	11	13	11	11	47	13	13				no
12	K	10089	48	14	14	12	14	12	12	48	14	14				no
13	V	10092	49	15	15	13	15	13	13	49	15	15				no
14	E	10095	50	16	16	14	16	14	14	50	16	16				no
15	G	10098	51	17	17	15	17	15	15	51	17	17				no
16	C	10101	52	18	18	16	18	16	16	52	18	18				no
17	M	10104	53	19	19	17	19	17	17	53	19	19				no
18	V	10107	54	20	20	18	20	18	18	54	20	20				no
19	Q	10110	69	0	0	19	0	19	19	69	0	0				no
20	V	10113	70	0	0	20	0	20	20	70	0	0				no
21	T	10116	71	21	21	21	21	21	21	71	21	21				no
22	C	10119	72	22	22	22	22	22	22	72	22	22				no
23	G	10122	73	23	23	23	23	23	23	73	23	23				no
24	T	10125	74	24	24	24	24	24	24	74	24	24				no
25	T	10128	75	25	25	25	25	25	25	75	25	25				no
26	T	10131	76	26	26	26	26	26	26	76	26	26				no
27	L	10134	77	27	27	27	27	27	27	77	27	27				no
28	N	10137	78	28	28	28	28	28	28	78	28	28				no
29	G	10140	79	29	29	29	29	29	29	79	29	29				no
30	L	10143	80	0	30	30	30	30	30	80	30	0				no
31	W	10146	81	0	31	31	31	31	31	81	31	0				no
32	L	10149	82	0	32	32	32	32	32	82	32	0				no
33	D	10152	83	0	33	33	33	33	33	83	33	0				no
34	D	10155	84	0	34	34	34	34	34	84	34	0				no
35	V	10158	85	0	35	35	35	35	35	85	35	0				no
36	V	10161	86	30	36	36	36	36	36	86	36	30				no
37	Y	10164	87	31	37	37	37	37	37	87	37	31				no
38	C	10167	95	32	38	38	38	38	38	95	38	32				no
39	P	10170	96	33	39	39	39	39	39	96	39	33				no
40	R	10173	97	34	40	40	40	40	40	97	40	34				no
41	H	10176	98	35	41	41	41	41	41	98	0	35				no
42	V	10179	99	36	42	42	42	42	42	99	41	36				no
43	I	10182	100	37	43	43	43	43	43	100	42	37				no
44	C	10185	101	38	44	0	44	44	44	101	43	38				no
45	T	10188	102	39	45	44	45	45	45	102	44	39				no
46	S	10191	103	40	46	45	46	46	46	103	45	40				no
47	E	10194	104	41	47	46	47	47	47	104	46	41				no
48	D	10197	105	42	48	47	48	48	48	105	47	42				no
49	M	10200	106	43	49	48	49	49	49	106	48	43				no
50	L	10203	107	44	50	49	50	50	50	107	49	44				no
51	N	10206	108	45	51	50	51	51	51	108	50	45				no
52	P	10209	109	46	52	51	52	52	52	109	51	46				no
53	N	10212	110	47	53	52	53	53	53	110	52	47				no
54	Y	10215	114	48	54	53	54	54	54	114	53	48				no
55	E	10218	115	49	55	54	55	55	55	115	54	49				no
56	D	10221	116	50	56	55	56	56	56	116	55	50				no
57	L	10224	117	51	57	56	57	57	57	117	56	51				no
58	L	10227	131	58	64	57	64	58	58	131	63	58				no
59	I	10230	132	59	65	58	65	59	59	132	64	59				no
60	R	10233	133	60	66	59	66	60	60	133	65	60				no
61	K	10236	134	61	67	60	67	61	61	134	66	61				no
62	S	10239	135	62	68	61	68	62	62	135	67	62				no
63	N	10242	136	63	69	62	69	63	63	136	68	63				no
64	H	10245	137	64	70	63	70	64	64	137	69	64				no
65	N	10248	138	65	71	64	71	65	65	138	70	65				no
66	F	10251	139	66	72	65	72	66	66	139	71	66				no
67	L	10254	140	67	73	66	73	67	67	140	72	67				no
68	V	10257	141	68	74	67	74	68	68	141	73	68				no
69	Q	10260	142	69	75	68	75	69	69	142	74	69				no
70	A	10263	146	70	76	69	76	70	73	143	75	70				no
71	G	10266	147	71	77	70	77	71	74	144	76	71				no
72	N	10269	148	72	78	71	78	72	75	145	77	72				no
73	V	10272	149	73	79	72	79	73	76	146	78	73				no
74	Q	10275	160	74	80	73	80	74	77	157	79	74				no
75	L	10278	161	75	81	74	81	75	78	158	80	75				no
76	R	10281	162	76	82	75	82	76	79	159	81	76				no
77	V	10284	163	77	83	76	83	77	80	160	82	77				no
78	I	10287	164	78	84	77	84	78	81	161	83	78				no
79	G	10290	165	79	85	78	85	79	82	162	84	79				no
80	H	10293	166	80	86	79	86	80	83	163	85	80				no
81	S	10296	167	81	87	80	87	81	84	164	86	81				no
82	M	10299	168	82	88	81	88	82	85	165	87	82				no
83	Q	10302	169	83	89	82	89	83	86	166	88	83				no
84	N	10305	170	84	90	83	90	84	87	167	89	84				no
85	C	10308	171	85	91	84	91	85	88	168	90	85				no
86	V	10311	172	86	92	85	92	86	89	169	91	86	Two beta barrel Catalytic fold 		10.1021/bi0616302	yes
87	L	10314	173	87	93	86	93	87	90	170	92	87	Two beta barrel Catalytic fold 		10.1021/bi0616302	yes
88	K	10317	174	88	94	87	94	88	91	171	93	88	Two beta barrel Catalytic fold 		10.1021/bi0616302	yes
89	L	10320	175	0	0	88	0	89	92	172	0	0	Two beta barrel Catalytic fold 		"10.1016/j.pbiomolbio.2018.08.009, 10.1021/bi0616302"	yes
90	K	10323	176	0	0	89	0	90	93	173	0	0	"Variable position between SARS(S) and SARS2(A), Two beta barrel Catalytic fold"		10.12688/f1000research.22457.2	yes
91	V	10326	177	0	0	90	0	91	94	0	0	0	Two beta barrel Catalytic fold 		10.1021/bi0616302	yes
92	D	10329	178	0	0	91	0	92	95	0	0	0	Globular domain		10.1021/bi0616302	yes
93	T	10332	179	0	0	92	0	93	96	0	0	0	Globular domain		10.1021/bi0616302	yes
94	A	10335	180	0	0	93	0	94	97	0	0	0	Globular domain		10.1021/bi0616302	yes
95	N	10338	181	0	0	94	0	95	98	0	0	0	Globular domain		10.1021/bi0616302	yes
96	P	10341	182	0	0	95	0	96	99	0	0	0				no
97	K	10344	183	0	0	96	0	97	100	0	0	0				no
98	T	10347	184	0	0	97	0	98	101	174	0	0				no
99	P	10350	185	0	0	98	0	99	102	175	0	0				no
100	K	10353	186	89	95	99	95	100	103	176	94	89				no
101	Y	10356	187	90	96	100	96	101	104	177	95	90				no
102	K	10359	188	91	97	101	97	102	105	178	96	91				no
103	F	10362	189	92	98	102	98	103	106	179	97	92				no
104	V	10365	190	0	0	103	0	104	107	0	0	0				no
105	R	10368	191	93	99	104	99	105	108	0	98	93				no
106	I	10371	192	94	100	105	100	106	109	0	99	94				no
107	Q	10374	193	95	101	106	101	107	110	0	100	95				no
108	P	10377	194	96	102	107	102	108	111	0	101	96				no
109	G	10380	195	97	103	108	103	109	112	0	102	97				no
110	Q	10383	196	98	104	109	104	110	113	0	103	98				no
111	T	10386	197	99	105	110	105	111	114	0	104	99				no
112	F	10389	198	100	106	111	106	112	115	180	105	100				no
113	S	10392	199	101	107	112	107	113	116	181	106	101				no
114	V	10395	200	102	108	113	108	114	117	182	107	102				no
115	L	10398	201	103	109	114	109	115	118	183	108	103				no
116	A	10401	202	104	110	115	110	116	119	184	109	104				no
117	C	10404	203	105	111	116	111	117	120	0	110	105				no
118	Y	10407	204	106	112	117	112	118	121	0	111	106				no
119	N	10410	205	107	113	118	113	119	122	0	112	107				no
120	G	10413	206	108	114	119	114	120	123	0	113	108				no
121	S	10416	207	109	115	120	115	121	124	0	114	109				no
122	P	10419	208	110	116	121	116	122	125	0	115	110				no
123	S	10422	209	111	117	122	117	123	126	0	116	111				no
124	G	10425	210	112	118	123	118	124	127	0	117	112				no
125	V	10428	211	113	119	124	119	125	128	0	118	113				no
126	Y	10431	212	114	120	125	120	126	129	0	119	114				no
127	Q	10434	213	115	121	126	121	127	130	0	120	115				no
128	C	10437	214	116	122	127	122	128	131	0	121	116				no
129	A	10440	215	117	123	128	123	129	132	185	122	117				no
130	M	10443	216	118	124	129	124	130	133	186	123	118				no
131	R	10446	217	119	125	130	125	131	134	187	124	119				no
132	P	10449	218	120	126	131	126	132	135	188	125	120				no
133	N	10452	219	121	127	132	127	133	136	189	126	121				no
134	F	10455	220	122	128	133	128	134	137	190	127	122				no
135	T	10458	221	123	129	134	129	135	138	191	128	123				no
136	I	10461	222	124	130	135	130	136	139	192	129	124				no
137	K	10464	223	125	131	136	131	137	140	193	130	125				no
138	G	10467	224	126	132	137	132	138	141	194	131	126				no
139	S	10470	225	127	133	138	133	139	142	195	132	127				no
140	F	10473	238	140	146	139	146	140	143	198	145	140				no
141	L	10476	239	141	147	140	147	141	144	199	146	141				no
142	N	10479	240	142	148	141	148	142	145	200	147	142				no
143	G	10482	241	143	149	142	149	143	146	201	148	143				no
144	S	10485	242	144	150	143	150	144	147	202	149	144				no
145	C	10488	243	145	151	144	151	145	148	203	150	145				no
146	G	10491	244	146	152	145	152	146	149	204	151	146				no
147	S	10494	245	147	153	146	153	147	150	205	152	147				no
148	V	10497	246	148	154	147	154	148	151	206	153	148				no
149	G	10500	247	0	0	148	0	149	152	0	0	0				no
150	F	10503	248	149	155	149	155	150	153	0	154	149				no
151	N	10506	249	150	156	150	156	151	154	0	155	150				no
152	I	10509	250	151	157	151	157	152	155	0	156	151				no
153	D	10512	251	152	158	152	158	153	156	0	157	152				no
154	Y	10515	252	153	159	153	159	154	157	0	158	153				no
155	D	10518	253	154	160	154	160	155	158	0	159	154				no
156	C	10521	254	155	161	155	161	156	159	0	160	155				no
157	V	10524	255	156	162	156	162	157	160	0	161	156				no
158	S	10527	256	157	163	157	163	158	161	0	162	157				no
159	F	10530	257	158	164	158	164	159	162	0	163	158				no
160	C	10533	258	159	165	159	165	160	163	0	164	159				no
161	Y	10536	259	160	166	160	166	161	164	207	165	160				no
162	M	10539	260	161	167	161	167	162	165	208	166	161				no
163	H	10542	261	162	168	162	168	163	166	209	167	162				no
164	H	10545	262	163	169	163	169	164	167	210	168	163				no
165	M	10548	263	164	170	164	170	165	168	211	169	164				no
166	E	10551	264	165	171	165	171	166	169	212	170	165				no
167	L	10554	265	166	172	166	172	167	170	213	171	166				no
168	P	10557	266	167	173	167	173	168	171	214	172	167				no
169	T	10560	267	0	0	168	0	169	172	215	0	0				no
170	G	10563	268	0	0	169	0	170	173	216	0	0				no
171	V	10566	269	0	0	170	0	171	174	217	0	0				no
172	H	10569	270	0	0	171	0	172	175	218	0	0				no
173	A	10572	271	0	0	172	0	173	176	219	0	0				no
174	G	10575	272	0	0	173	0	174	177	0	0	0				no
175	T	10578	273	0	0	174	0	175	178	0	0	0				no
176	D	10581	274	0	0	175	0	176	179	0	0	0				no
177	L	10584	275	0	0	176	0	177	180	0	0	0				no
178	E	10587	276	0	0	177	0	178	181	0	0	0				no
179	G	10590	277	0	0	178	0	179	182	0	0	0				no
180	N	10593	278	0	0	179	0	180	183	0	0	0				no
181	F	10596	279	0	0	180	0	181	184	0	0	0				no
182	Y	10599	280	0	0	181	0	182	185	0	0	0				no
183	G	10602	281	0	0	182	0	183	186	0	0	0				no
184	P	10605	282	0	0	183	0	184	187	0	0	0				no
185	F	10608	283	168	174	184	174	185	188	220	173	168				no
186	V	10611	284	169	175	185	175	186	189	221	174	169				no
187	D	10614	285	170	176	186	176	187	190	222	175	170				no
188	R	10617	286	171	177	187	177	188	191	223	176	171				no
189	Q	10620	287	172	178	188	178	189	192	224	177	172				no
190	T	10623	288	173	179	189	179	190	193	225	178	173				no
191	A	10626	289	174	180	190	180	191	194	226	179	174				no
192	Q	10629	290	175	181	191	181	192	195	227	180	175				no
193	A	10632	291	176	182	192	182	193	196	228	181	176				no
194	A	10635	292	177	183	193	183	194	197	229	182	177				no
195	G	10638	293	0	0	194	0	195	198	230	0	0				no
196	T	10641	294	178	184	195	184	196	199	231	183	178				no
197	D	10644	295	179	185	196	185	197	200	232	184	179				no
198	T	10647	296	180	186	197	186	198	201	233	185	180				no
199	T	10650	297	181	187	198	187	199	202	234	186	181				no
200	I	10653	298	182	188	199	188	200	203	235	187	182				no
201	T	10656	299	183	189	200	189	201	204	236	188	183				no
202	V	10659	300	184	190	201	190	202	205	0	189	184				no
203	N	10662	301	185	191	202	191	203	206	0	190	185				no
204	V	10665	302	186	192	203	192	204	207	0	191	186				no
205	L	10668	303	187	193	204	193	205	208	0	192	187				no
206	A	10671	304	188	194	205	194	206	209	0	193	188				no
207	W	10674	305	189	195	206	195	207	210	0	194	189				no
208	L	10677	306	190	196	207	196	208	211	0	195	190				no
209	Y	10680	307	191	197	208	197	209	212	0	196	191				no
210	A	10683	308	192	198	209	198	210	213	0	197	192				no
211	A	10686	309	193	199	210	199	211	214	0	198	193				no
212	V	10689	310	194	200	211	200	212	215	0	199	194				no
213	I	10692	311	195	201	212	201	213	216	0	200	195				no
214	N	10695	312	196	202	213	202	214	217	0	201	196				no
215	G	10698	313	197	203	214	203	215	218	0	202	197				no
216	D	10701	314	198	204	215	204	216	219	0	203	198				no
217	R	10704	315	199	205	216	205	217	220	0	204	199				no
218	W	10707	316	200	206	217	206	218	221	0	205	200				no
219	F	10710	317	201	207	218	207	219	222	237	206	201				no
220	L	10713	318	202	208	219	208	220	223	238	207	202				no
221	N	10716	319	203	209	220	209	221	224	239	208	203				no
222	R	10719	320	204	210	221	210	222	225	240	209	204				no
223	F	10722	321	205	211	222	211	223	226	241	210	205				no
224	T	10725	322	206	212	223	212	224	227	242	211	206				no
225	T	10728	323	207	213	224	213	225	228	243	212	207				no
226	T	10731	324	208	214	225	214	226	229	244	213	208				no
227	L	10734	325	209	215	226	215	227	230	245	214	209				no
228	N	10737	326	210	216	227	216	228	231	246	215	210				no
229	D	10740	327	211	217	228	217	229	232	247	216	211				no
230	F	10743	328	212	218	229	218	230	233	248	217	212				no
231	N	10746	329	213	219	230	219	231	234	0	218	213				no
232	L	10749	330	0	0	231	0	232	235	0	0	0				no
233	V	10752	331	0	0	232	0	233	236	0	0	0				no
234	A	10755	332	0	0	233	0	234	237	0	0	0				no
235	M	10758	333	0	0	234	0	235	238	0	0	0				no
236	K	10761	334	0	0	235	0	236	239	0	0	0				no
237	Y	10764	335	0	0	236	0	237	240	0	0	0				no
238	N	10767	336	0	0	237	0	238	241	0	0	0				no
239	Y	10770	337	0	0	238	0	239	242	0	0	0				no
240	E	10773	338	0	0	239	0	240	243	0	0	0				no
241	P	10776	339	0	0	240	0	241	244	0	0	0				no
242	L	10779	340	0	0	241	0	242	245	0	0	0				no
243	T	10782	341	0	0	242	0	243	246	0	0	0				no
244	Q	10785	342	0	0	243	0	244	247	0	0	0				no
245	D	10788	343	0	0	244	0	245	248	0	0	0				no
246	H	10791	344	0	0	245	0	246	249	0	0	0				no
247	V	10794	345	0	0	246	0	247	250	0	0	0				no
248	D	10797	346	0	0	0	0	0	0	0	0	0				no
249	I	10800	347	0	0	0	0	0	0	0	0	0				no
250	L	10803	348	0	0	247	0	248	251	249	0	0				no
251	G	10806	349	0	0	248	0	249	252	250	0	0				no
252	P	10809	350	0	0	249	0	250	253	251	0	0				no
253	L	10812	351	0	0	250	0	251	254	252	0	0				no
254	S	10815	352	0	0	251	0	252	255	253	0	0				no
255	A	10818	353	0	0	252	0	253	256	254	0	0				no
256	Q	10821	354	0	0	253	0	254	257	255	0	0				no
257	T	10824	355	0	0	254	0	255	258	256	0	0				no
258	G	10827	356	0	0	255	0	256	259	257	0	0				no
259	I	10830	357	0	0	256	0	257	260	0	0	0				no
260	A	10833	358	0	0	257	0	258	261	0	0	0				no
261	V	10836	359	0	0	258	0	259	262	0	0	0				no
262	L	10839	360	0	0	259	0	260	263	0	0	0				no
263	D	10842	361	0	0	260	0	261	264	0	0	0				no
264	M	10845	362	0	0	261	0	262	265	0	0	0				no
265	C	10848	363	0	0	262	0	263	266	0	0	0				no
266	A	10851	364	0	0	263	0	264	267	0	0	0				no
267	S	10854	365	0	0	264	0	265	268	0	0	0				no
268	L	10857	366	0	0	265	0	266	269	0	0	0				no
269	K	10860	367	0	0	266	0	267	270	0	0	0				no
270	E	10863	368	0	0	267	0	268	271	0	0	0				no
271	L	10866	369	0	0	268	0	269	272	0	0	0				no
272	L	10869	370	0	0	269	0	270	273	0	0	0				no
273	Q	10872	371	0	0	270	0	271	274	0	0	0				no
274	N	10875	372	0	0	0	0	0	0	0	0	0				no
275	G	10878	373	214	220	271	220	272	275	258	219	214				no
276	M	10881	374	215	221	272	221	273	276	259	220	215				no
277	N	10884	375	216	222	273	222	274	277	260	221	216				no
278	G	10887	376	217	223	274	223	275	278	261	222	217				no
279	R	10890	377	218	224	275	224	276	279	262	223	218				no
280	T	10893	378	219	225	276	225	277	280	263	224	219				no
281	I	10896	379	220	226	277	226	278	281	264	225	220				no
282	L	10899	381	221	227	278	227	279	282	266	226	221				no
283	G	10902	382	222	228	279	228	280	283	267	227	222				no
284	S	10905	383	223	229	280	229	281	284	268	228	223				no
285	A	10908	384	224	230	281	230	282	285	269	229	224				no
286	L	10911	385	225	231	282	231	283	286	270	230	225				no
287	L	10914	386	226	232	283	232	284	287	271	231	226				no
288	E	10917	387	227	233	284	233	285	288	272	232	227				no
289	D	10920	388	228	234	285	234	286	289	273	233	228				no
290	E	10923	389	229	235	286	235	287	290	274	234	229				no
291	F	10926	390	230	236	287	236	288	291	275	235	230				no
292	T	10929	391	231	237	288	237	289	292	276	236	231				no
293	P	10932	392	0	0	289	0	290	293	277	0	0				no
294	F	10935	393	0	0	290	0	291	294	278	0	0				no
295	D	10938	394	0	238	291	238	292	295	279	237	0				no
296	V	10941	395	232	239	292	239	293	296	280	238	232				no
297	V	10944	396	233	240	293	240	294	297	281	239	233				no
298	R	10947	397	234	241	294	241	295	298	282	240	234				no
299	Q	10950	398	235	242	295	242	296	299	283	241	235				no
300	C	10953	399	236	243	296	243	297	300	284	242	236				no
301	S	10956	400	237	244	297	244	298	301	285	243	237				no
302	G	10959	401	0	0	298	0	299	302	0	0	0				no
303	V	10962	402	0	0	299	0	300	303	0	0	0				no
304	T	10965	403	0	0	300	0	301	304	0	0	0				no
305	F	10968	404	0	0	301	0	302	305	0	0	0				no
306	Q	10971	405	0	0	302	0	303	306	0	0	0				no