NC_045512	AA	Alignment	GU053651	FJ718994	NC_003436	DQ112226	AAT98578	YP_0090472	KU182965	AY994055	DQ160294	Variant	Annotation	Impact	Reference
1	S	37	3	3	1	3	1	1	37	3	3	no			
2	G	38	4	4	2	4	2	2	38	4	4	no			
3	F	39	5	5	3	5	3	3	39	5	5	no			
4	R	40	6	6	4	6	4	4	40	6	6	no			
5	K	41	7	7	5	7	5	5	41	7	7	no			
6	M	42	8	8	6	8	6	6	42	8	8	no			
7	A	43	9	9	7	9	7	7	43	9	9	no			
8	F	44	10	10	8	10	8	8	44	10	10	no			
9	P	45	11	11	9	11	9	9	45	11	11	no			
10	S	46	12	12	10	12	10	10	46	12	12	no			
11	G	47	13	13	11	13	11	11	47	13	13	no			
12	K	48	14	14	12	14	12	12	48	14	14	no			
13	V	49	15	15	13	15	13	13	49	15	15	no			
14	E	50	16	16	14	16	14	14	50	16	16	no			
15	G	51	17	17	15	17	15	15	51	17	17	no			
16	C	52	18	18	16	18	16	16	52	18	18	no			
17	M	53	19	19	17	19	17	17	53	19	19	no			
18	V	54	20	20	18	20	18	18	54	20	20	no			
19	Q	69	0	0	19	0	19	19	69	0	0	no			
20	V	70	0	0	20	0	20	20	70	0	0	no			
21	T	71	21	21	21	21	21	21	71	21	21	no			
22	C	72	22	22	22	22	22	22	72	22	22	no			
23	G	73	23	23	23	23	23	23	73	23	23	no			
24	T	74	24	24	24	24	24	24	74	24	24	no			
25	T	75	25	25	25	25	25	25	75	25	25	no			
26	T	76	26	26	26	26	26	26	76	26	26	no			
27	L	77	27	27	27	27	27	27	77	27	27	no			
28	N	78	28	28	28	28	28	28	78	28	28	no			
29	G	79	29	29	29	29	29	29	79	29	29	no			
30	L	80	0	30	30	30	30	30	80	30	0	no			
31	W	81	0	31	31	31	31	31	81	31	0	no			
32	L	82	0	32	32	32	32	32	82	32	0	no			
33	D	83	0	33	33	33	33	33	83	33	0	no			
34	D	84	0	34	34	34	34	34	84	34	0	no			
35	V	85	0	35	35	35	35	35	85	35	0	no			
36	V	86	30	36	36	36	36	36	86	36	30	no			
37	Y	87	31	37	37	37	37	37	87	37	31	no			
38	C	95	32	38	38	38	38	38	95	38	32	no			
39	P	96	33	39	39	39	39	39	96	39	33	no			
40	R	97	34	40	40	40	40	40	97	40	34	no			
41	H	98	35	41	41	41	41	41	98	0	35	no			
42	V	99	36	42	42	42	42	42	99	41	36	no			
43	I	100	37	43	43	43	43	43	100	42	37	no			
44	C	101	38	44	0	44	44	44	101	43	38	no			
45	T	102	39	45	44	45	45	45	102	44	39	no			
46	S	103	40	46	45	46	46	46	103	45	40	no			
47	E	104	41	47	46	47	47	47	104	46	41	no			
48	D	105	42	48	47	48	48	48	105	47	42	no			
49	M	106	43	49	48	49	49	49	106	48	43	no			
50	L	107	44	50	49	50	50	50	107	49	44	no			
51	N	108	45	51	50	51	51	51	108	50	45	no			
52	P	109	46	52	51	52	52	52	109	51	46	no			
53	N	110	47	53	52	53	53	53	110	52	47	no			
54	Y	114	48	54	53	54	54	54	114	53	48	no			
55	E	115	49	55	54	55	55	55	115	54	49	no			
56	D	116	50	56	55	56	56	56	116	55	50	no			
57	L	117	51	57	56	57	57	57	117	56	51	no			
58	L	131	58	64	57	64	58	58	131	63	58	no			
59	I	132	59	65	58	65	59	59	132	64	59	no			
60	R	133	60	66	59	66	60	60	133	65	60	no			
61	K	134	61	67	60	67	61	61	134	66	61	no			
62	S	135	62	68	61	68	62	62	135	67	62	no			
63	N	136	63	69	62	69	63	63	136	68	63	no			
64	H	137	64	70	63	70	64	64	137	69	64	no			
65	N	138	65	71	64	71	65	65	138	70	65	no			
66	F	139	66	72	65	72	66	66	139	71	66	no			
67	L	140	67	73	66	73	67	67	140	72	67	no			
68	V	141	68	74	67	74	68	68	141	73	68	no			
69	Q	142	69	75	68	75	69	69	142	74	69	no			
70	A	146	70	76	69	76	70	73	143	75	70	no			
71	G	147	71	77	70	77	71	74	144	76	71	no			
72	N	148	72	78	71	78	72	75	145	77	72	no			
73	V	149	73	79	72	79	73	76	146	78	73	no			
74	Q	160	74	80	73	80	74	77	157	79	74	no			
75	L	161	75	81	74	81	75	78	158	80	75	no			
76	R	162	76	82	75	82	76	79	159	81	76	no			
77	V	163	77	83	76	83	77	80	160	82	77	no			
78	I	164	78	84	77	84	78	81	161	83	78	no			
79	G	165	79	85	78	85	79	82	162	84	79	no			
80	H	166	80	86	79	86	80	83	163	85	80	no			
81	S	167	81	87	80	87	81	84	164	86	81	no			
82	M	168	82	88	81	88	82	85	165	87	82	no			
83	Q	169	83	89	82	89	83	86	166	88	83	no			
84	N	170	84	90	83	90	84	87	167	89	84	no			
85	C	171	85	91	84	91	85	88	168	90	85	no			
86	V	172	86	92	85	92	86	89	169	91	86	no			
87	L	173	87	93	86	93	87	90	170	92	87	no			
88	K	174	88	94	87	94	88	91	171	93	88	no			
89	L	175	0	0	88	0	89	92	172	0	0	no			
90	K	176	0	0	89	0	90	93	173	0	0	no			
91	V	177	0	0	90	0	91	94	0	0	0	no			
92	D	178	0	0	91	0	92	95	0	0	0	no			
93	T	179	0	0	92	0	93	96	0	0	0	no			
94	A	180	0	0	93	0	94	97	0	0	0	no			
95	N	181	0	0	94	0	95	98	0	0	0	no			
96	P	182	0	0	95	0	96	99	0	0	0	no			
97	K	183	0	0	96	0	97	100	0	0	0	no			
98	T	184	0	0	97	0	98	101	174	0	0	no			
99	P	185	0	0	98	0	99	102	175	0	0	no			
100	K	186	89	95	99	95	100	103	176	94	89	no			
101	Y	187	90	96	100	96	101	104	177	95	90	no			
102	K	188	91	97	101	97	102	105	178	96	91	no			
103	F	189	92	98	102	98	103	106	179	97	92	no			
104	V	190	0	0	103	0	104	107	0	0	0	no			
105	R	191	93	99	104	99	105	108	0	98	93	no			
106	I	192	94	100	105	100	106	109	0	99	94	no			
107	Q	193	95	101	106	101	107	110	0	100	95	no			
108	P	194	96	102	107	102	108	111	0	101	96	no			
109	G	195	97	103	108	103	109	112	0	102	97	no			
110	Q	196	98	104	109	104	110	113	0	103	98	no			
111	T	197	99	105	110	105	111	114	0	104	99	no			
112	F	198	100	106	111	106	112	115	180	105	100	no			
113	S	199	101	107	112	107	113	116	181	106	101	no			
114	V	200	102	108	113	108	114	117	182	107	102	no			
115	L	201	103	109	114	109	115	118	183	108	103	no			
116	A	202	104	110	115	110	116	119	184	109	104	no			
117	C	203	105	111	116	111	117	120	0	110	105	no			
118	Y	204	106	112	117	112	118	121	0	111	106	no			
119	N	205	107	113	118	113	119	122	0	112	107	no			
120	G	206	108	114	119	114	120	123	0	113	108	no			
121	S	207	109	115	120	115	121	124	0	114	109	no			
122	P	208	110	116	121	116	122	125	0	115	110	no			
123	S	209	111	117	122	117	123	126	0	116	111	no			
124	G	210	112	118	123	118	124	127	0	117	112	no			
125	V	211	113	119	124	119	125	128	0	118	113	no			
126	Y	212	114	120	125	120	126	129	0	119	114	no			
127	Q	213	115	121	126	121	127	130	0	120	115	no			
128	C	214	116	122	127	122	128	131	0	121	116	no			
129	A	215	117	123	128	123	129	132	185	122	117	no			
130	M	216	118	124	129	124	130	133	186	123	118	no			
131	R	217	119	125	130	125	131	134	187	124	119	no			
132	P	218	120	126	131	126	132	135	188	125	120	no			
133	N	219	121	127	132	127	133	136	189	126	121	no			
134	F	220	122	128	133	128	134	137	190	127	122	no			
135	T	221	123	129	134	129	135	138	191	128	123	no			
136	I	222	124	130	135	130	136	139	192	129	124	no			
137	K	223	125	131	136	131	137	140	193	130	125	no			
138	G	224	126	132	137	132	138	141	194	131	126	no			
139	S	225	127	133	138	133	139	142	195	132	127	no			
140	F	238	140	146	139	146	140	143	198	145	140	no			
141	L	239	141	147	140	147	141	144	199	146	141	no			
142	N	240	142	148	141	148	142	145	200	147	142	no			
143	G	241	143	149	142	149	143	146	201	148	143	no			
144	S	242	144	150	143	150	144	147	202	149	144	no			
145	C	243	145	151	144	151	145	148	203	150	145	no			
146	G	244	146	152	145	152	146	149	204	151	146	no			
147	S	245	147	153	146	153	147	150	205	152	147	no			
148	V	246	148	154	147	154	148	151	206	153	148	no			
149	G	247	0	0	148	0	149	152	0	0	0	no			
150	F	248	149	155	149	155	150	153	0	154	149	no			
151	N	249	150	156	150	156	151	154	0	155	150	no			
152	I	250	151	157	151	157	152	155	0	156	151	no			
153	D	251	152	158	152	158	153	156	0	157	152	no			
154	Y	252	153	159	153	159	154	157	0	158	153	no			
155	D	253	154	160	154	160	155	158	0	159	154	no			
156	C	254	155	161	155	161	156	159	0	160	155	no			
157	V	255	156	162	156	162	157	160	0	161	156	no			
158	S	256	157	163	157	163	158	161	0	162	157	no			
159	F	257	158	164	158	164	159	162	0	163	158	no			
160	C	258	159	165	159	165	160	163	0	164	159	no			
161	Y	259	160	166	160	166	161	164	207	165	160	no			
162	M	260	161	167	161	167	162	165	208	166	161	no			
163	H	261	162	168	162	168	163	166	209	167	162	no			
164	H	262	163	169	163	169	164	167	210	168	163	no			
165	M	263	164	170	164	170	165	168	211	169	164	no			
166	E	264	165	171	165	171	166	169	212	170	165	no			
167	L	265	166	172	166	172	167	170	213	171	166	no			
168	P	266	167	173	167	173	168	171	214	172	167	no			
169	T	267	0	0	168	0	169	172	215	0	0	no			
170	G	268	0	0	169	0	170	173	216	0	0	no			
171	V	269	0	0	170	0	171	174	217	0	0	no			
172	H	270	0	0	171	0	172	175	218	0	0	no			
173	A	271	0	0	172	0	173	176	219	0	0	no			
174	G	272	0	0	173	0	174	177	0	0	0	no			
175	T	273	0	0	174	0	175	178	0	0	0	no			
176	D	274	0	0	175	0	176	179	0	0	0	no			
177	L	275	0	0	176	0	177	180	0	0	0	no			
178	E	276	0	0	177	0	178	181	0	0	0	no			
179	G	277	0	0	178	0	179	182	0	0	0	no			
180	N	278	0	0	179	0	180	183	0	0	0	no			
181	F	279	0	0	180	0	181	184	0	0	0	no			
182	Y	280	0	0	181	0	182	185	0	0	0	no			
183	G	281	0	0	182	0	183	186	0	0	0	no			
184	P	282	0	0	183	0	184	187	0	0	0	no			
185	F	283	168	174	184	174	185	188	220	173	168	no			
186	V	284	169	175	185	175	186	189	221	174	169	no			
187	D	285	170	176	186	176	187	190	222	175	170	no			
188	R	286	171	177	187	177	188	191	223	176	171	no			
189	Q	287	172	178	188	178	189	192	224	177	172	no			
190	T	288	173	179	189	179	190	193	225	178	173	no			
191	A	289	174	180	190	180	191	194	226	179	174	no			
192	Q	290	175	181	191	181	192	195	227	180	175	no			
193	A	291	176	182	192	182	193	196	228	181	176	no			
194	A	292	177	183	193	183	194	197	229	182	177	no			
195	G	293	0	0	194	0	195	198	230	0	0	no			
196	T	294	178	184	195	184	196	199	231	183	178	no			
197	D	295	179	185	196	185	197	200	232	184	179	no			
198	T	296	180	186	197	186	198	201	233	185	180	no			
199	T	297	181	187	198	187	199	202	234	186	181	no			
200	I	298	182	188	199	188	200	203	235	187	182	no			
201	T	299	183	189	200	189	201	204	236	188	183	no			
202	V	300	184	190	201	190	202	205	0	189	184	no			
203	N	301	185	191	202	191	203	206	0	190	185	no			
204	V	302	186	192	203	192	204	207	0	191	186	no			
205	L	303	187	193	204	193	205	208	0	192	187	no			
206	A	304	188	194	205	194	206	209	0	193	188	no			
207	W	305	189	195	206	195	207	210	0	194	189	no			
208	L	306	190	196	207	196	208	211	0	195	190	no			
209	Y	307	191	197	208	197	209	212	0	196	191	no			
210	A	308	192	198	209	198	210	213	0	197	192	no			
211	A	309	193	199	210	199	211	214	0	198	193	no			
212	V	310	194	200	211	200	212	215	0	199	194	no			
213	I	311	195	201	212	201	213	216	0	200	195	no			
214	N	312	196	202	213	202	214	217	0	201	196	no			
215	G	313	197	203	214	203	215	218	0	202	197	no			
216	D	314	198	204	215	204	216	219	0	203	198	no			
217	R	315	199	205	216	205	217	220	0	204	199	no			
218	W	316	200	206	217	206	218	221	0	205	200	no			
219	F	317	201	207	218	207	219	222	237	206	201	no			
220	L	318	202	208	219	208	220	223	238	207	202	no			
221	N	319	203	209	220	209	221	224	239	208	203	no			
222	R	320	204	210	221	210	222	225	240	209	204	no			
223	F	321	205	211	222	211	223	226	241	210	205	no			
224	T	322	206	212	223	212	224	227	242	211	206	no			
225	T	323	207	213	224	213	225	228	243	212	207	no			
226	T	324	208	214	225	214	226	229	244	213	208	no			
227	L	325	209	215	226	215	227	230	245	214	209	no			
228	N	326	210	216	227	216	228	231	246	215	210	no			
229	D	327	211	217	228	217	229	232	247	216	211	no			
230	F	328	212	218	229	218	230	233	248	217	212	no			
231	N	329	213	219	230	219	231	234	0	218	213	no			
232	L	330	0	0	231	0	232	235	0	0	0	no			
233	V	331	0	0	232	0	233	236	0	0	0	no			
234	A	332	0	0	233	0	234	237	0	0	0	no			
235	M	333	0	0	234	0	235	238	0	0	0	no			
236	K	334	0	0	235	0	236	239	0	0	0	no			
237	Y	335	0	0	236	0	237	240	0	0	0	no			
238	N	336	0	0	237	0	238	241	0	0	0	no			
239	Y	337	0	0	238	0	239	242	0	0	0	no			
240	E	338	0	0	239	0	240	243	0	0	0	no			
241	P	339	0	0	240	0	241	244	0	0	0	no			
242	L	340	0	0	241	0	242	245	0	0	0	no			
243	T	341	0	0	242	0	243	246	0	0	0	no			
244	Q	342	0	0	243	0	244	247	0	0	0	no			
245	D	343	0	0	244	0	245	248	0	0	0	no			
246	H	344	0	0	245	0	246	249	0	0	0	no			
247	V	345	0	0	246	0	247	250	0	0	0	no			
248	D	346	0	0	0	0	0	0	0	0	0	no			
249	I	347	0	0	0	0	0	0	0	0	0	no			
250	L	348	0	0	247	0	248	251	249	0	0	no			
251	G	349	0	0	248	0	249	252	250	0	0	no			
252	P	350	0	0	249	0	250	253	251	0	0	no			
253	L	351	0	0	250	0	251	254	252	0	0	no			
254	S	352	0	0	251	0	252	255	253	0	0	no			
255	A	353	0	0	252	0	253	256	254	0	0	no			
256	Q	354	0	0	253	0	254	257	255	0	0	no			
257	T	355	0	0	254	0	255	258	256	0	0	no			
258	G	356	0	0	255	0	256	259	257	0	0	no			
259	I	357	0	0	256	0	257	260	0	0	0	no			
260	A	358	0	0	257	0	258	261	0	0	0	no			
261	V	359	0	0	258	0	259	262	0	0	0	no			
262	L	360	0	0	259	0	260	263	0	0	0	no			
263	D	361	0	0	260	0	261	264	0	0	0	no			
264	M	362	0	0	261	0	262	265	0	0	0	no			
265	C	363	0	0	262	0	263	266	0	0	0	no			
266	A	364	0	0	263	0	264	267	0	0	0	no			
267	S	365	0	0	264	0	265	268	0	0	0	no			
268	L	366	0	0	265	0	266	269	0	0	0	no			
269	K	367	0	0	266	0	267	270	0	0	0	no			
270	E	368	0	0	267	0	268	271	0	0	0	no			
271	L	369	0	0	268	0	269	272	0	0	0	no			
272	L	370	0	0	269	0	270	273	0	0	0	no			
273	Q	371	0	0	270	0	271	274	0	0	0	no			
274	N	372	0	0	0	0	0	0	0	0	0	no			
275	G	373	214	220	271	220	272	275	258	219	214	no			
276	M	374	215	221	272	221	273	276	259	220	215	no			
277	N	375	216	222	273	222	274	277	260	221	216	no			
278	G	376	217	223	274	223	275	278	261	222	217	no			
279	R	377	218	224	275	224	276	279	262	223	218	no			
280	T	378	219	225	276	225	277	280	263	224	219	no			
281	I	379	220	226	277	226	278	281	264	225	220	no			
282	L	381	221	227	278	227	279	282	266	226	221	no			
283	G	382	222	228	279	228	280	283	267	227	222	no			
284	S	383	223	229	280	229	281	284	268	228	223	no			
285	A	384	224	230	281	230	282	285	269	229	224	no			
286	L	385	225	231	282	231	283	286	270	230	225	no			
287	L	386	226	232	283	232	284	287	271	231	226	no			
288	E	387	227	233	284	233	285	288	272	232	227	no			
289	D	388	228	234	285	234	286	289	273	233	228	no			
290	E	389	229	235	286	235	287	290	274	234	229	no			
291	F	390	230	236	287	236	288	291	275	235	230	no			
292	T	391	231	237	288	237	289	292	276	236	231	no			
293	P	392	0	0	289	0	290	293	277	0	0	no			
294	F	393	0	0	290	0	291	294	278	0	0	no			
295	D	394	0	238	291	238	292	295	279	237	0	no			
296	V	395	232	239	292	239	293	296	280	238	232	no			
297	V	396	233	240	293	240	294	297	281	239	233	no			
298	R	397	234	241	294	241	295	298	282	240	234	no			
299	Q	398	235	242	295	242	296	299	283	241	235	no			
300	C	399	236	243	296	243	297	300	284	242	236	no			
301	S	400	237	244	297	244	298	301	285	243	237	no			
302	G	401	0	0	298	0	299	302	0	0	0	no			
303	V	402	0	0	299	0	300	303	0	0	0	no			
304	T	403	0	0	300	0	301	304	0	0	0	no			
305	F	404	0	0	301	0	302	305	0	0	0	no			
306	Q	405	0	0	302	0	303	306	0	0	0	no			
