NC_045512	AA	Alignment	FJ647223	NC_038294	NC_004718	DQ112226	JX504050	AJ271965	KU740200	FJ647218	MN996527	NC_028806	AY714217	NC_019843	NC_003436	KF367457	AY994055	NC_038861	NC_002306	MG772934	AY463059	MN996528	AY597011	DQ022305	Variant	Annotation	Impact	Reference
1	M	1.0	1.0	1.0	1.0	1.0	1.0	1.0	1.0	1.0	1.0	1.0	1.0	1.0	1.0	1.0	1.0	1.0	1.0	1.0	1.0	1.0	1.0	1.0	no			
2	A	2.0	2.0	2.0	2.0	2.0	2.0	2.0	2.0	2.0	2.0	2.0	2.0	2.0	2.0	2.0	2.0	2.0	2.0	2.0	2.0	2.0	2.0	2.0	no			
3	D	31.0	0.0	0.0	0.0	30.0	0.0	30.0	0.0	0.0	3.0	30.0	0.0	0.0	0.0	0.0	30.0	30.0	30.0	3.0	0.0	3.0	0.0	0.0	no			
4	S	32.0	3.0	3.0	3.0	31.0	0.0	31.0	3.0	3.0	4.0	31.0	3.0	3.0	0.0	3.0	31.0	31.0	31.0	4.0	3.0	4.0	0.0	3.0	no			
5	N	33.0	4.0	4.0	4.0	32.0	3.0	32.0	4.0	4.0	5.0	32.0	4.0	4.0	3.0	4.0	32.0	32.0	32.0	5.0	4.0	5.0	3.0	4.0	no			
6	G	34.0	5.0	5.0	5.0	33.0	4.0	33.0	5.0	5.0	6.0	33.0	5.0	5.0	4.0	5.0	33.0	33.0	33.0	6.0	5.0	6.0	4.0	5.0	no			
7	T	42.0	13.0	6.0	6.0	41.0	5.0	41.0	6.0	13.0	7.0	41.0	6.0	6.0	5.0	6.0	41.0	41.0	41.0	7.0	6.0	7.0	8.0	6.0	no			
8	I	43.0	14.0	7.0	7.0	42.0	6.0	42.0	7.0	14.0	8.0	42.0	7.0	7.0	6.0	7.0	42.0	42.0	42.0	8.0	7.0	8.0	9.0	7.0	no			
9	T	44.0	15.0	8.0	8.0	43.0	7.0	43.0	8.0	15.0	9.0	43.0	8.0	8.0	7.0	8.0	43.0	43.0	43.0	9.0	8.0	9.0	10.0	8.0	no			
10	V	45.0	16.0	9.0	9.0	44.0	8.0	44.0	9.0	16.0	10.0	44.0	9.0	9.0	8.0	9.0	44.0	44.0	44.0	10.0	9.0	10.0	11.0	9.0	no			
11	E	46.0	17.0	10.0	10.0	45.0	9.0	45.0	10.0	17.0	11.0	45.0	10.0	10.0	9.0	10.0	45.0	45.0	45.0	11.0	10.0	11.0	12.0	10.0	no			
12	E	47.0	18.0	11.0	11.0	46.0	10.0	46.0	11.0	18.0	12.0	46.0	11.0	11.0	10.0	11.0	46.0	46.0	46.0	12.0	11.0	12.0	13.0	11.0	no			
13	L	48.0	19.0	12.0	12.0	47.0	11.0	47.0	12.0	19.0	13.0	47.0	12.0	12.0	11.0	12.0	47.0	47.0	47.0	13.0	12.0	13.0	14.0	12.0	no			
14	K	49.0	20.0	13.0	13.0	48.0	12.0	48.0	13.0	20.0	14.0	48.0	13.0	13.0	12.0	13.0	48.0	48.0	48.0	14.0	13.0	14.0	15.0	13.0	no			
15	K	50.0	21.0	14.0	14.0	49.0	13.0	49.0	14.0	21.0	15.0	49.0	14.0	14.0	13.0	14.0	49.0	49.0	49.0	15.0	14.0	15.0	16.0	14.0	no			
16	L	51.0	22.0	15.0	15.0	50.0	14.0	50.0	15.0	22.0	16.0	50.0	15.0	15.0	14.0	15.0	50.0	50.0	50.0	16.0	15.0	16.0	17.0	15.0	no			
17	L	52.0	23.0	16.0	16.0	51.0	15.0	51.0	16.0	23.0	17.0	51.0	16.0	16.0	15.0	16.0	51.0	51.0	51.0	17.0	16.0	17.0	18.0	16.0	no			
18	E	53.0	24.0	17.0	17.0	52.0	16.0	52.0	17.0	24.0	18.0	52.0	17.0	17.0	16.0	17.0	52.0	52.0	52.0	18.0	17.0	18.0	19.0	17.0	no			
19	Q	54.0	25.0	18.0	18.0	53.0	17.0	53.0	18.0	25.0	19.0	53.0	18.0	18.0	17.0	18.0	53.0	53.0	53.0	19.0	18.0	19.0	20.0	18.0	no			
20	W	55.0	26.0	19.0	19.0	54.0	18.0	54.0	19.0	26.0	20.0	54.0	19.0	19.0	18.0	19.0	54.0	54.0	54.0	20.0	19.0	20.0	21.0	19.0	no			
21	N	56.0	27.0	20.0	20.0	55.0	19.0	55.0	20.0	27.0	21.0	55.0	20.0	20.0	19.0	20.0	55.0	55.0	55.0	21.0	20.0	21.0	22.0	20.0	no			
22	L	57.0	28.0	21.0	21.0	56.0	20.0	56.0	21.0	28.0	22.0	56.0	21.0	21.0	20.0	21.0	56.0	56.0	56.0	22.0	21.0	22.0	23.0	21.0	no			
23	V	58.0	29.0	22.0	22.0	57.0	21.0	57.0	22.0	29.0	23.0	57.0	22.0	22.0	21.0	22.0	57.0	57.0	57.0	23.0	22.0	23.0	24.0	22.0	no			
24	I	59.0	30.0	23.0	23.0	58.0	22.0	58.0	23.0	30.0	24.0	58.0	23.0	23.0	22.0	23.0	58.0	58.0	58.0	24.0	23.0	24.0	25.0	23.0	no			
25	G	60.0	31.0	24.0	24.0	59.0	23.0	59.0	24.0	31.0	25.0	59.0	24.0	24.0	23.0	24.0	59.0	59.0	59.0	25.0	24.0	25.0	26.0	24.0	no			
26	F	61.0	32.0	25.0	25.0	60.0	24.0	60.0	25.0	32.0	26.0	60.0	25.0	25.0	24.0	25.0	60.0	60.0	60.0	26.0	25.0	26.0	27.0	25.0	no			
27	L	62.0	33.0	26.0	26.0	61.0	25.0	61.0	26.0	33.0	27.0	61.0	26.0	26.0	25.0	26.0	61.0	61.0	61.0	27.0	26.0	27.0	28.0	26.0	no			
28	F	63.0	34.0	27.0	27.0	62.0	26.0	62.0	27.0	34.0	28.0	62.0	27.0	27.0	26.0	27.0	62.0	62.0	62.0	28.0	27.0	28.0	29.0	27.0	no			
29	L	64.0	35.0	28.0	28.0	63.0	27.0	63.0	28.0	35.0	29.0	63.0	28.0	28.0	27.0	28.0	63.0	63.0	63.0	29.0	28.0	29.0	30.0	28.0	no			
30	T	65.0	36.0	29.0	29.0	64.0	28.0	64.0	29.0	36.0	30.0	64.0	29.0	29.0	28.0	29.0	64.0	64.0	64.0	30.0	29.0	30.0	31.0	29.0	no			
31	W	66.0	37.0	30.0	30.0	65.0	29.0	65.0	30.0	37.0	31.0	65.0	30.0	30.0	29.0	30.0	65.0	65.0	65.0	31.0	30.0	31.0	32.0	30.0	no			
32	I	67.0	38.0	31.0	31.0	66.0	30.0	66.0	31.0	38.0	32.0	66.0	31.0	31.0	30.0	31.0	66.0	66.0	66.0	32.0	31.0	32.0	33.0	31.0	no			
33	C	68.0	39.0	32.0	32.0	67.0	31.0	67.0	32.0	39.0	33.0	67.0	32.0	32.0	31.0	32.0	67.0	67.0	67.0	33.0	32.0	33.0	34.0	32.0	no			
34	L	69.0	40.0	33.0	33.0	68.0	32.0	68.0	33.0	40.0	34.0	68.0	33.0	33.0	32.0	33.0	68.0	68.0	68.0	34.0	33.0	34.0	35.0	33.0	no			
35	L	70.0	41.0	34.0	34.0	69.0	33.0	69.0	34.0	41.0	35.0	69.0	34.0	34.0	33.0	34.0	69.0	69.0	69.0	35.0	34.0	35.0	36.0	34.0	no			
36	Q	71.0	42.0	35.0	35.0	70.0	34.0	70.0	35.0	42.0	36.0	70.0	35.0	35.0	34.0	35.0	70.0	70.0	70.0	36.0	35.0	36.0	37.0	35.0	no			
37	F	72.0	43.0	36.0	36.0	71.0	35.0	71.0	36.0	43.0	37.0	71.0	36.0	36.0	35.0	36.0	71.0	71.0	71.0	37.0	36.0	37.0	38.0	36.0	no			
38	A	73.0	44.0	37.0	37.0	72.0	36.0	72.0	37.0	44.0	38.0	72.0	37.0	37.0	36.0	37.0	72.0	72.0	72.0	38.0	37.0	38.0	39.0	37.0	no			
39	Y	74.0	45.0	38.0	38.0	73.0	37.0	73.0	38.0	45.0	39.0	73.0	38.0	38.0	37.0	38.0	73.0	73.0	73.0	39.0	38.0	39.0	40.0	38.0	no			
40	A	75.0	46.0	39.0	39.0	74.0	38.0	74.0	39.0	46.0	40.0	74.0	39.0	39.0	38.0	39.0	74.0	74.0	74.0	40.0	39.0	40.0	41.0	39.0	no			
41	N	76.0	47.0	40.0	40.0	75.0	39.0	75.0	40.0	47.0	41.0	75.0	40.0	40.0	39.0	40.0	75.0	75.0	75.0	41.0	40.0	41.0	42.0	40.0	no			
42	R	77.0	48.0	41.0	41.0	76.0	40.0	76.0	41.0	48.0	42.0	76.0	41.0	41.0	40.0	41.0	76.0	76.0	76.0	42.0	41.0	42.0	43.0	41.0	no			
43	N	78.0	49.0	42.0	42.0	77.0	41.0	77.0	42.0	49.0	43.0	77.0	42.0	42.0	41.0	42.0	77.0	77.0	77.0	43.0	42.0	43.0	44.0	42.0	no			
44	R	79.0	50.0	43.0	43.0	78.0	42.0	78.0	43.0	50.0	44.0	78.0	43.0	43.0	42.0	43.0	78.0	78.0	78.0	44.0	43.0	44.0	45.0	43.0	no			
45	F	80.0	51.0	44.0	44.0	79.0	43.0	79.0	44.0	51.0	45.0	79.0	44.0	44.0	43.0	44.0	79.0	79.0	79.0	45.0	44.0	45.0	46.0	44.0	no			
46	L	81.0	52.0	45.0	45.0	80.0	44.0	80.0	45.0	52.0	46.0	80.0	45.0	45.0	44.0	45.0	80.0	80.0	80.0	46.0	45.0	46.0	47.0	45.0	no			
47	Y	82.0	53.0	46.0	46.0	81.0	45.0	81.0	46.0	53.0	47.0	81.0	46.0	46.0	45.0	46.0	81.0	81.0	81.0	47.0	46.0	47.0	48.0	46.0	no			
48	I	83.0	54.0	47.0	47.0	82.0	46.0	82.0	47.0	54.0	48.0	82.0	47.0	47.0	46.0	47.0	82.0	82.0	82.0	48.0	47.0	48.0	49.0	47.0	no			
49	I	84.0	55.0	48.0	48.0	83.0	47.0	83.0	48.0	55.0	49.0	83.0	48.0	48.0	47.0	48.0	83.0	83.0	83.0	49.0	48.0	49.0	50.0	48.0	no			
50	K	85.0	56.0	49.0	49.0	84.0	48.0	84.0	49.0	56.0	50.0	84.0	49.0	49.0	48.0	49.0	84.0	84.0	84.0	50.0	49.0	50.0	51.0	49.0	no			
51	L	86.0	57.0	50.0	50.0	85.0	49.0	85.0	50.0	57.0	51.0	85.0	50.0	50.0	49.0	50.0	85.0	85.0	85.0	51.0	50.0	51.0	52.0	50.0	no			
52	I	87.0	58.0	51.0	51.0	86.0	50.0	86.0	51.0	58.0	52.0	86.0	51.0	51.0	50.0	51.0	86.0	86.0	86.0	52.0	51.0	52.0	53.0	51.0	no			
53	F	88.0	59.0	52.0	52.0	87.0	51.0	87.0	52.0	59.0	53.0	87.0	52.0	52.0	51.0	52.0	87.0	87.0	87.0	53.0	52.0	53.0	54.0	52.0	no			
54	L	89.0	60.0	53.0	53.0	88.0	52.0	88.0	53.0	60.0	54.0	88.0	53.0	53.0	52.0	53.0	88.0	88.0	88.0	54.0	53.0	54.0	55.0	53.0	no			
55	W	90.0	61.0	54.0	54.0	89.0	53.0	89.0	54.0	61.0	55.0	89.0	54.0	54.0	53.0	54.0	89.0	89.0	89.0	55.0	54.0	55.0	56.0	54.0	no			
56	L	91.0	62.0	55.0	55.0	90.0	54.0	90.0	55.0	62.0	56.0	90.0	55.0	55.0	54.0	55.0	90.0	90.0	90.0	56.0	55.0	56.0	57.0	55.0	no			
57	L	92.0	63.0	56.0	56.0	91.0	55.0	91.0	56.0	63.0	57.0	91.0	56.0	56.0	55.0	56.0	91.0	91.0	91.0	57.0	56.0	57.0	58.0	56.0	no			
58	W	93.0	64.0	57.0	57.0	92.0	56.0	92.0	57.0	64.0	58.0	92.0	57.0	57.0	56.0	57.0	92.0	92.0	92.0	58.0	57.0	58.0	59.0	57.0	no			
59	P	94.0	65.0	58.0	58.0	93.0	57.0	93.0	58.0	65.0	59.0	93.0	58.0	58.0	57.0	58.0	93.0	93.0	93.0	59.0	58.0	59.0	60.0	58.0	no			
60	V	95.0	66.0	59.0	59.0	94.0	58.0	94.0	59.0	66.0	60.0	94.0	59.0	59.0	58.0	59.0	94.0	94.0	94.0	60.0	59.0	60.0	61.0	59.0	no			
61	T	96.0	67.0	60.0	60.0	95.0	59.0	95.0	60.0	67.0	61.0	95.0	60.0	60.0	59.0	60.0	95.0	95.0	95.0	61.0	60.0	61.0	62.0	60.0	no			
62	L	97.0	68.0	61.0	61.0	96.0	60.0	96.0	61.0	68.0	62.0	96.0	61.0	61.0	60.0	61.0	96.0	96.0	96.0	62.0	61.0	62.0	63.0	61.0	no			
63	A	98.0	69.0	62.0	62.0	97.0	61.0	97.0	62.0	69.0	63.0	97.0	62.0	62.0	61.0	62.0	97.0	97.0	97.0	63.0	62.0	63.0	64.0	62.0	no			
64	C	99.0	70.0	63.0	63.0	98.0	62.0	98.0	63.0	70.0	64.0	98.0	63.0	63.0	62.0	63.0	98.0	98.0	98.0	64.0	63.0	64.0	65.0	63.0	no			
65	F	100.0	71.0	64.0	64.0	99.0	63.0	99.0	64.0	71.0	65.0	99.0	64.0	64.0	63.0	64.0	99.0	99.0	99.0	65.0	64.0	65.0	66.0	64.0	no			
66	V	101.0	72.0	65.0	65.0	100.0	64.0	100.0	65.0	72.0	66.0	100.0	65.0	65.0	64.0	65.0	100.0	100.0	100.0	66.0	65.0	66.0	67.0	65.0	no			
67	L	102.0	73.0	66.0	66.0	101.0	65.0	101.0	66.0	73.0	67.0	101.0	66.0	66.0	65.0	66.0	101.0	101.0	101.0	67.0	66.0	67.0	68.0	66.0	no			
68	A	103.0	74.0	67.0	67.0	102.0	66.0	102.0	67.0	74.0	68.0	102.0	67.0	67.0	66.0	67.0	102.0	102.0	102.0	68.0	67.0	68.0	69.0	67.0	no			
69	A	104.0	75.0	68.0	68.0	103.0	67.0	103.0	68.0	75.0	69.0	103.0	68.0	68.0	67.0	68.0	103.0	103.0	103.0	69.0	68.0	69.0	70.0	68.0	no			
70	V	105.0	76.0	69.0	69.0	104.0	68.0	104.0	69.0	76.0	70.0	104.0	69.0	69.0	68.0	69.0	104.0	104.0	104.0	70.0	69.0	70.0	71.0	69.0	no			
71	Y	108.0	77.0	70.0	70.0	107.0	71.0	107.0	70.0	77.0	71.0	107.0	70.0	70.0	71.0	70.0	107.0	107.0	107.0	71.0	70.0	71.0	72.0	70.0	no			
72	R	109.0	78.0	71.0	71.0	108.0	72.0	108.0	71.0	78.0	72.0	108.0	71.0	71.0	72.0	71.0	108.0	108.0	108.0	72.0	71.0	72.0	73.0	71.0	no			
73	I	110.0	79.0	72.0	72.0	109.0	73.0	109.0	72.0	79.0	73.0	109.0	72.0	72.0	73.0	72.0	109.0	109.0	109.0	73.0	72.0	73.0	74.0	72.0	no			
74	N	111.0	80.0	73.0	73.0	110.0	74.0	110.0	73.0	80.0	74.0	110.0	73.0	73.0	74.0	73.0	110.0	110.0	110.0	74.0	73.0	74.0	75.0	73.0	no			
75	W	113.0	81.0	74.0	74.0	112.0	75.0	112.0	74.0	81.0	75.0	112.0	74.0	74.0	75.0	74.0	112.0	112.0	112.0	75.0	74.0	75.0	76.0	74.0	no			
76	I	114.0	82.0	75.0	75.0	113.0	76.0	113.0	75.0	82.0	76.0	113.0	75.0	75.0	76.0	75.0	113.0	113.0	113.0	76.0	75.0	76.0	77.0	75.0	no			
77	T	115.0	83.0	76.0	76.0	114.0	77.0	114.0	76.0	83.0	77.0	114.0	76.0	76.0	77.0	76.0	114.0	114.0	114.0	77.0	76.0	77.0	78.0	76.0	no			
78	G	116.0	84.0	77.0	77.0	115.0	78.0	115.0	77.0	84.0	78.0	115.0	77.0	77.0	78.0	77.0	115.0	115.0	115.0	78.0	77.0	78.0	79.0	77.0	no			
79	G	117.0	85.0	78.0	78.0	116.0	79.0	116.0	78.0	85.0	79.0	116.0	78.0	78.0	79.0	78.0	116.0	116.0	116.0	79.0	78.0	79.0	80.0	78.0	no			
80	I	118.0	86.0	79.0	79.0	117.0	80.0	117.0	79.0	86.0	80.0	117.0	79.0	79.0	80.0	79.0	117.0	117.0	117.0	80.0	79.0	80.0	81.0	79.0	no			
81	A	119.0	87.0	80.0	80.0	118.0	81.0	118.0	80.0	87.0	81.0	118.0	80.0	80.0	81.0	80.0	118.0	118.0	118.0	81.0	80.0	81.0	82.0	80.0	no			
82	I	120.0	88.0	81.0	81.0	119.0	82.0	119.0	81.0	88.0	82.0	119.0	81.0	81.0	82.0	81.0	119.0	119.0	119.0	82.0	81.0	82.0	83.0	81.0	no			
83	A	121.0	89.0	82.0	82.0	120.0	83.0	120.0	82.0	89.0	83.0	120.0	82.0	82.0	83.0	82.0	120.0	120.0	120.0	83.0	82.0	83.0	84.0	82.0	no			
84	M	122.0	90.0	83.0	83.0	121.0	84.0	121.0	83.0	90.0	84.0	121.0	83.0	83.0	84.0	83.0	121.0	121.0	121.0	84.0	83.0	84.0	85.0	83.0	no			
85	A	123.0	91.0	84.0	84.0	122.0	85.0	122.0	84.0	91.0	85.0	122.0	84.0	84.0	85.0	84.0	122.0	122.0	122.0	85.0	84.0	85.0	86.0	84.0	no			
86	C	124.0	92.0	85.0	85.0	123.0	86.0	123.0	85.0	92.0	86.0	123.0	85.0	85.0	86.0	85.0	123.0	123.0	123.0	86.0	85.0	86.0	87.0	85.0	no			
87	L	125.0	93.0	86.0	86.0	124.0	87.0	124.0	86.0	93.0	87.0	124.0	86.0	86.0	87.0	86.0	124.0	124.0	124.0	87.0	86.0	87.0	88.0	86.0	no			
88	V	126.0	94.0	87.0	87.0	125.0	88.0	125.0	87.0	94.0	88.0	125.0	87.0	87.0	88.0	87.0	125.0	125.0	125.0	88.0	87.0	88.0	89.0	87.0	no			
89	G	127.0	95.0	88.0	88.0	126.0	89.0	126.0	88.0	95.0	89.0	126.0	88.0	88.0	89.0	88.0	126.0	126.0	126.0	89.0	88.0	89.0	90.0	88.0	no			
90	L	128.0	96.0	89.0	89.0	127.0	90.0	127.0	89.0	96.0	90.0	127.0	89.0	89.0	90.0	89.0	127.0	127.0	127.0	90.0	89.0	90.0	91.0	89.0	no			
91	M	129.0	97.0	90.0	90.0	128.0	91.0	128.0	90.0	97.0	91.0	128.0	90.0	90.0	91.0	90.0	128.0	128.0	128.0	91.0	90.0	91.0	92.0	90.0	no			
92	W	130.0	98.0	91.0	91.0	129.0	92.0	129.0	91.0	98.0	92.0	129.0	91.0	91.0	92.0	91.0	129.0	129.0	129.0	92.0	91.0	92.0	93.0	91.0	no			
93	L	131.0	99.0	92.0	92.0	130.0	93.0	130.0	92.0	99.0	93.0	130.0	92.0	92.0	93.0	92.0	130.0	130.0	130.0	93.0	92.0	93.0	94.0	92.0	no			
94	S	132.0	100.0	93.0	93.0	131.0	94.0	131.0	93.0	100.0	94.0	131.0	93.0	93.0	94.0	93.0	131.0	131.0	131.0	94.0	93.0	94.0	95.0	93.0	no			
95	Y	133.0	101.0	94.0	94.0	132.0	95.0	132.0	94.0	101.0	95.0	132.0	94.0	94.0	95.0	94.0	132.0	132.0	132.0	95.0	94.0	95.0	96.0	94.0	no			
96	F	134.0	102.0	95.0	95.0	133.0	96.0	133.0	95.0	102.0	96.0	133.0	95.0	95.0	96.0	95.0	133.0	133.0	133.0	96.0	95.0	96.0	97.0	95.0	no			
97	I	135.0	103.0	96.0	96.0	134.0	97.0	134.0	96.0	103.0	97.0	134.0	96.0	96.0	97.0	96.0	134.0	134.0	134.0	97.0	96.0	97.0	98.0	96.0	no			
98	A	136.0	104.0	97.0	97.0	135.0	98.0	135.0	97.0	104.0	98.0	135.0	97.0	97.0	98.0	97.0	135.0	135.0	135.0	98.0	97.0	98.0	99.0	97.0	no			
99	S	137.0	105.0	98.0	98.0	136.0	99.0	136.0	98.0	105.0	99.0	136.0	98.0	98.0	99.0	98.0	136.0	136.0	136.0	99.0	98.0	99.0	100.0	98.0	no			
100	F	138.0	106.0	99.0	99.0	137.0	100.0	137.0	99.0	106.0	100.0	137.0	99.0	99.0	100.0	99.0	137.0	137.0	137.0	100.0	99.0	100.0	101.0	99.0	no			
101	R	139.0	107.0	100.0	100.0	138.0	101.0	138.0	100.0	107.0	101.0	138.0	100.0	100.0	101.0	100.0	138.0	138.0	138.0	101.0	100.0	101.0	102.0	100.0	no			
102	L	140.0	108.0	101.0	101.0	139.0	102.0	139.0	101.0	108.0	102.0	139.0	101.0	101.0	102.0	101.0	139.0	139.0	139.0	102.0	101.0	102.0	103.0	101.0	no			
103	F	141.0	109.0	102.0	102.0	140.0	103.0	140.0	102.0	109.0	103.0	140.0	102.0	102.0	103.0	102.0	140.0	140.0	140.0	103.0	102.0	103.0	104.0	102.0	no			
104	A	142.0	110.0	103.0	103.0	141.0	104.0	141.0	103.0	110.0	104.0	141.0	103.0	103.0	104.0	103.0	141.0	141.0	141.0	104.0	103.0	104.0	105.0	103.0	no			
105	R	143.0	111.0	104.0	104.0	142.0	105.0	142.0	104.0	111.0	105.0	142.0	104.0	104.0	105.0	104.0	142.0	142.0	142.0	105.0	104.0	105.0	106.0	104.0	no			
106	T	144.0	112.0	105.0	105.0	143.0	106.0	143.0	105.0	112.0	106.0	143.0	105.0	105.0	106.0	105.0	143.0	143.0	143.0	106.0	105.0	106.0	107.0	105.0	no			
107	R	145.0	113.0	106.0	106.0	144.0	107.0	144.0	106.0	113.0	107.0	144.0	106.0	106.0	107.0	106.0	144.0	144.0	144.0	107.0	106.0	107.0	108.0	106.0	no			
108	S	146.0	114.0	107.0	107.0	145.0	108.0	145.0	107.0	114.0	108.0	145.0	107.0	107.0	108.0	107.0	145.0	145.0	145.0	108.0	107.0	108.0	109.0	107.0	no			
109	M	147.0	115.0	108.0	108.0	146.0	109.0	146.0	108.0	115.0	109.0	146.0	108.0	108.0	109.0	108.0	146.0	146.0	146.0	109.0	108.0	109.0	110.0	108.0	no			
110	W	148.0	116.0	109.0	109.0	147.0	110.0	147.0	109.0	116.0	110.0	147.0	109.0	109.0	110.0	109.0	147.0	147.0	147.0	110.0	109.0	110.0	111.0	109.0	no			
111	S	149.0	117.0	110.0	110.0	148.0	111.0	148.0	110.0	117.0	111.0	148.0	110.0	110.0	111.0	110.0	148.0	148.0	148.0	111.0	110.0	111.0	112.0	110.0	no			
112	F	150.0	118.0	111.0	111.0	149.0	112.0	149.0	111.0	118.0	112.0	149.0	111.0	111.0	112.0	111.0	149.0	149.0	149.0	112.0	111.0	112.0	113.0	111.0	no			
113	N	151.0	119.0	112.0	112.0	150.0	113.0	150.0	112.0	119.0	113.0	150.0	112.0	112.0	113.0	112.0	150.0	150.0	150.0	113.0	112.0	113.0	114.0	112.0	no			
114	P	152.0	120.0	113.0	113.0	151.0	114.0	151.0	113.0	120.0	114.0	151.0	113.0	113.0	114.0	113.0	151.0	151.0	151.0	114.0	113.0	114.0	115.0	113.0	no			
115	E	153.0	121.0	114.0	114.0	152.0	115.0	152.0	114.0	121.0	115.0	152.0	114.0	114.0	115.0	114.0	152.0	152.0	152.0	115.0	114.0	115.0	116.0	114.0	no			
116	T	154.0	122.0	115.0	115.0	153.0	116.0	153.0	115.0	122.0	116.0	153.0	115.0	115.0	116.0	115.0	153.0	153.0	153.0	116.0	115.0	116.0	117.0	115.0	no			
117	N	155.0	123.0	116.0	116.0	154.0	117.0	154.0	116.0	123.0	117.0	154.0	116.0	116.0	117.0	116.0	154.0	154.0	154.0	117.0	116.0	117.0	118.0	116.0	no			
118	I	156.0	124.0	117.0	117.0	155.0	118.0	155.0	117.0	124.0	118.0	155.0	117.0	117.0	118.0	117.0	155.0	155.0	155.0	118.0	117.0	118.0	119.0	117.0	no			
119	L	157.0	125.0	118.0	118.0	156.0	119.0	156.0	118.0	125.0	119.0	156.0	118.0	118.0	119.0	118.0	156.0	156.0	156.0	119.0	118.0	119.0	120.0	118.0	no			
120	L	158.0	126.0	119.0	119.0	157.0	120.0	157.0	119.0	126.0	120.0	157.0	119.0	119.0	120.0	119.0	157.0	157.0	157.0	120.0	119.0	120.0	121.0	119.0	no			
121	N	159.0	127.0	120.0	120.0	158.0	121.0	158.0	120.0	127.0	121.0	158.0	120.0	120.0	121.0	120.0	158.0	158.0	158.0	121.0	120.0	121.0	122.0	120.0	no			
122	V	160.0	128.0	121.0	121.0	159.0	122.0	159.0	121.0	128.0	122.0	159.0	121.0	121.0	122.0	121.0	159.0	159.0	159.0	122.0	121.0	122.0	123.0	121.0	no			
123	P	161.0	129.0	122.0	122.0	160.0	123.0	160.0	122.0	129.0	123.0	160.0	122.0	122.0	123.0	122.0	160.0	160.0	160.0	123.0	122.0	123.0	124.0	122.0	no			
124	L	162.0	130.0	123.0	123.0	161.0	124.0	161.0	123.0	130.0	124.0	161.0	123.0	123.0	124.0	123.0	161.0	161.0	161.0	124.0	123.0	124.0	125.0	123.0	no			
125	H	163.0	131.0	124.0	124.0	162.0	125.0	162.0	124.0	131.0	125.0	162.0	124.0	124.0	125.0	124.0	162.0	162.0	162.0	125.0	124.0	125.0	126.0	124.0	no			
126	G	164.0	132.0	125.0	125.0	163.0	126.0	163.0	125.0	132.0	126.0	163.0	125.0	125.0	126.0	125.0	163.0	163.0	163.0	126.0	125.0	126.0	127.0	125.0	no			
127	T	165.0	133.0	126.0	126.0	164.0	127.0	164.0	126.0	133.0	127.0	164.0	126.0	126.0	127.0	126.0	164.0	164.0	164.0	127.0	126.0	127.0	128.0	126.0	no			
128	I	166.0	134.0	127.0	127.0	165.0	128.0	165.0	127.0	134.0	128.0	165.0	127.0	127.0	128.0	127.0	165.0	165.0	165.0	128.0	127.0	128.0	129.0	127.0	no			
129	L	167.0	135.0	128.0	128.0	166.0	129.0	166.0	128.0	135.0	129.0	166.0	128.0	128.0	129.0	128.0	166.0	166.0	166.0	129.0	128.0	129.0	130.0	128.0	no			
130	T	168.0	136.0	129.0	129.0	167.0	130.0	167.0	129.0	136.0	130.0	167.0	129.0	129.0	130.0	129.0	167.0	167.0	167.0	130.0	129.0	130.0	131.0	129.0	no			
131	R	169.0	137.0	130.0	130.0	168.0	131.0	168.0	130.0	137.0	131.0	168.0	130.0	130.0	131.0	130.0	168.0	168.0	168.0	131.0	130.0	131.0	132.0	130.0	no			
132	P	170.0	138.0	131.0	131.0	169.0	132.0	169.0	131.0	138.0	132.0	169.0	131.0	131.0	132.0	131.0	169.0	169.0	169.0	132.0	131.0	132.0	133.0	131.0	no			
133	L	171.0	139.0	132.0	132.0	170.0	133.0	170.0	132.0	139.0	133.0	170.0	132.0	132.0	133.0	132.0	170.0	170.0	170.0	133.0	132.0	133.0	134.0	132.0	no			
134	L	172.0	140.0	133.0	133.0	171.0	134.0	171.0	133.0	140.0	134.0	171.0	133.0	133.0	134.0	133.0	171.0	171.0	171.0	134.0	133.0	134.0	135.0	133.0	no			
135	E	173.0	141.0	134.0	134.0	172.0	135.0	172.0	134.0	141.0	135.0	172.0	134.0	134.0	135.0	134.0	172.0	172.0	172.0	135.0	134.0	135.0	136.0	134.0	no			
136	S	174.0	142.0	135.0	135.0	173.0	136.0	173.0	135.0	142.0	136.0	173.0	135.0	135.0	136.0	135.0	173.0	173.0	173.0	136.0	135.0	136.0	137.0	135.0	no			
137	E	175.0	143.0	136.0	136.0	174.0	137.0	174.0	136.0	143.0	137.0	174.0	136.0	136.0	137.0	136.0	174.0	174.0	174.0	137.0	136.0	137.0	138.0	136.0	no			
138	L	176.0	144.0	137.0	137.0	175.0	138.0	175.0	137.0	144.0	138.0	175.0	137.0	137.0	138.0	137.0	175.0	175.0	175.0	138.0	137.0	138.0	139.0	137.0	no			
139	V	177.0	145.0	138.0	138.0	176.0	139.0	176.0	138.0	145.0	139.0	176.0	138.0	138.0	139.0	138.0	176.0	176.0	176.0	139.0	138.0	139.0	140.0	138.0	no			
140	I	178.0	146.0	139.0	139.0	177.0	140.0	177.0	139.0	146.0	140.0	177.0	139.0	139.0	140.0	139.0	177.0	177.0	177.0	140.0	139.0	140.0	141.0	139.0	no			
141	G	179.0	147.0	140.0	140.0	178.0	141.0	178.0	140.0	147.0	141.0	178.0	140.0	140.0	141.0	140.0	178.0	178.0	178.0	141.0	140.0	141.0	142.0	140.0	no			
142	A	180.0	148.0	141.0	141.0	179.0	142.0	179.0	141.0	148.0	142.0	179.0	141.0	141.0	142.0	141.0	179.0	179.0	179.0	142.0	141.0	142.0	143.0	141.0	no			
143	V	181.0	149.0	142.0	142.0	180.0	143.0	180.0	142.0	149.0	143.0	180.0	142.0	142.0	143.0	142.0	180.0	180.0	180.0	143.0	142.0	143.0	144.0	142.0	no			
144	I	182.0	150.0	143.0	143.0	181.0	144.0	181.0	143.0	150.0	144.0	181.0	143.0	143.0	144.0	143.0	181.0	181.0	181.0	144.0	143.0	144.0	145.0	143.0	no			
145	L	183.0	151.0	144.0	144.0	182.0	145.0	182.0	144.0	151.0	145.0	182.0	144.0	144.0	145.0	144.0	182.0	182.0	182.0	145.0	144.0	145.0	146.0	144.0	no			
146	R	184.0	152.0	145.0	145.0	183.0	146.0	183.0	145.0	152.0	146.0	183.0	145.0	145.0	146.0	145.0	183.0	183.0	183.0	146.0	145.0	146.0	147.0	145.0	no			
147	G	185.0	153.0	146.0	146.0	184.0	147.0	184.0	146.0	153.0	147.0	184.0	146.0	146.0	147.0	146.0	184.0	184.0	184.0	147.0	146.0	147.0	148.0	146.0	no			
148	H	186.0	154.0	147.0	147.0	185.0	148.0	185.0	147.0	154.0	148.0	185.0	147.0	147.0	148.0	147.0	185.0	185.0	185.0	148.0	147.0	148.0	149.0	147.0	no			
149	L	187.0	155.0	148.0	148.0	186.0	149.0	186.0	148.0	155.0	149.0	186.0	148.0	148.0	149.0	148.0	186.0	186.0	186.0	149.0	148.0	149.0	150.0	148.0	no			
150	R	188.0	156.0	149.0	149.0	187.0	150.0	187.0	149.0	156.0	150.0	187.0	149.0	149.0	150.0	149.0	187.0	187.0	187.0	150.0	149.0	150.0	151.0	149.0	no			
151	I	189.0	157.0	150.0	150.0	188.0	151.0	188.0	150.0	157.0	151.0	188.0	150.0	150.0	151.0	150.0	188.0	188.0	188.0	151.0	150.0	151.0	152.0	150.0	no			
152	A	190.0	158.0	151.0	151.0	189.0	152.0	189.0	151.0	158.0	152.0	189.0	151.0	151.0	152.0	151.0	189.0	189.0	189.0	152.0	151.0	152.0	153.0	151.0	no			
153	G	191.0	159.0	152.0	152.0	190.0	153.0	190.0	152.0	159.0	153.0	190.0	152.0	152.0	153.0	152.0	190.0	190.0	190.0	153.0	152.0	153.0	154.0	152.0	no			
154	H	192.0	160.0	153.0	153.0	191.0	154.0	191.0	153.0	160.0	154.0	191.0	153.0	153.0	154.0	153.0	191.0	191.0	191.0	154.0	153.0	154.0	155.0	153.0	no			
155	H	193.0	161.0	154.0	154.0	192.0	155.0	192.0	154.0	161.0	155.0	192.0	154.0	154.0	155.0	154.0	192.0	192.0	192.0	155.0	154.0	155.0	156.0	154.0	no			
156	L	194.0	162.0	155.0	155.0	193.0	156.0	193.0	155.0	162.0	156.0	193.0	155.0	155.0	156.0	155.0	193.0	193.0	193.0	156.0	155.0	156.0	157.0	155.0	no			
157	G	195.0	163.0	156.0	156.0	194.0	157.0	194.0	156.0	163.0	157.0	194.0	156.0	156.0	157.0	156.0	194.0	194.0	194.0	157.0	156.0	157.0	158.0	156.0	no			
158	R	197.0	165.0	157.0	157.0	196.0	159.0	196.0	157.0	165.0	158.0	196.0	157.0	157.0	159.0	157.0	196.0	196.0	196.0	158.0	157.0	158.0	160.0	157.0	no			
159	C	198.0	166.0	158.0	158.0	197.0	160.0	197.0	158.0	166.0	159.0	197.0	158.0	158.0	160.0	158.0	197.0	197.0	197.0	159.0	158.0	159.0	161.0	158.0	no			
160	D	199.0	167.0	159.0	159.0	198.0	161.0	198.0	159.0	167.0	160.0	198.0	159.0	159.0	161.0	159.0	198.0	198.0	198.0	160.0	159.0	160.0	162.0	159.0	no			
161	I	200.0	168.0	160.0	160.0	199.0	162.0	199.0	160.0	168.0	161.0	199.0	160.0	160.0	162.0	160.0	199.0	199.0	199.0	161.0	160.0	161.0	163.0	160.0	no			
162	K	201.0	169.0	161.0	161.0	200.0	163.0	200.0	161.0	169.0	162.0	200.0	161.0	161.0	163.0	161.0	200.0	200.0	200.0	162.0	161.0	162.0	164.0	161.0	no			
163	D	202.0	170.0	162.0	162.0	201.0	164.0	201.0	162.0	170.0	163.0	201.0	162.0	162.0	164.0	162.0	201.0	201.0	201.0	163.0	162.0	163.0	165.0	162.0	no			
164	L	203.0	171.0	163.0	163.0	202.0	165.0	202.0	163.0	171.0	164.0	202.0	163.0	163.0	165.0	163.0	202.0	202.0	202.0	164.0	163.0	164.0	166.0	163.0	no			
165	P	204.0	172.0	164.0	164.0	203.0	166.0	203.0	164.0	172.0	165.0	203.0	164.0	164.0	166.0	164.0	203.0	203.0	203.0	165.0	164.0	165.0	167.0	164.0	no			
166	K	205.0	173.0	165.0	165.0	204.0	167.0	204.0	165.0	173.0	166.0	204.0	165.0	165.0	167.0	165.0	204.0	204.0	204.0	166.0	165.0	166.0	168.0	165.0	no			
167	E	206.0	174.0	166.0	166.0	205.0	168.0	205.0	166.0	174.0	167.0	205.0	166.0	166.0	168.0	166.0	205.0	205.0	205.0	167.0	166.0	167.0	169.0	166.0	no			
168	I	207.0	175.0	167.0	167.0	206.0	169.0	206.0	167.0	175.0	168.0	206.0	167.0	167.0	169.0	167.0	206.0	206.0	206.0	168.0	167.0	168.0	170.0	167.0	no			
169	T	208.0	176.0	168.0	168.0	207.0	170.0	207.0	168.0	176.0	169.0	207.0	168.0	168.0	170.0	168.0	207.0	207.0	207.0	169.0	168.0	169.0	171.0	168.0	no			
170	V	209.0	177.0	169.0	169.0	208.0	171.0	208.0	169.0	177.0	170.0	208.0	169.0	169.0	171.0	169.0	208.0	208.0	208.0	170.0	169.0	170.0	172.0	169.0	no			
171	A	210.0	178.0	170.0	170.0	209.0	172.0	209.0	170.0	178.0	171.0	209.0	170.0	170.0	172.0	170.0	209.0	209.0	209.0	171.0	170.0	171.0	173.0	170.0	no			
172	T	211.0	179.0	171.0	171.0	210.0	173.0	210.0	171.0	179.0	172.0	210.0	171.0	171.0	173.0	171.0	210.0	210.0	210.0	172.0	171.0	172.0	174.0	171.0	no			
173	S	212.0	180.0	172.0	172.0	211.0	174.0	211.0	172.0	180.0	173.0	211.0	172.0	172.0	174.0	172.0	211.0	211.0	211.0	173.0	172.0	173.0	175.0	172.0	no			
174	R	213.0	181.0	173.0	173.0	212.0	175.0	212.0	173.0	181.0	174.0	212.0	173.0	173.0	175.0	173.0	212.0	212.0	212.0	174.0	173.0	174.0	176.0	173.0	no			
175	T	214.0	182.0	174.0	174.0	213.0	176.0	213.0	174.0	182.0	175.0	213.0	174.0	174.0	176.0	174.0	213.0	213.0	213.0	175.0	174.0	175.0	177.0	174.0	no			
176	L	215.0	183.0	175.0	175.0	214.0	177.0	214.0	175.0	183.0	176.0	214.0	175.0	175.0	177.0	175.0	214.0	214.0	214.0	176.0	175.0	176.0	178.0	175.0	no			
177	S	216.0	184.0	176.0	176.0	215.0	178.0	215.0	176.0	184.0	177.0	215.0	176.0	176.0	178.0	176.0	215.0	215.0	215.0	177.0	176.0	177.0	179.0	176.0	no			
178	Y	217.0	185.0	177.0	177.0	216.0	179.0	216.0	177.0	185.0	178.0	216.0	177.0	177.0	179.0	177.0	216.0	216.0	216.0	178.0	177.0	178.0	180.0	177.0	no			
179	Y	218.0	186.0	178.0	178.0	217.0	180.0	217.0	178.0	186.0	179.0	217.0	178.0	178.0	180.0	178.0	217.0	217.0	217.0	179.0	178.0	179.0	181.0	178.0	no			
180	K	219.0	187.0	179.0	179.0	218.0	181.0	218.0	179.0	187.0	180.0	218.0	179.0	179.0	181.0	179.0	218.0	218.0	218.0	180.0	179.0	180.0	182.0	179.0	no			
181	L	220.0	188.0	180.0	180.0	219.0	182.0	219.0	180.0	188.0	181.0	219.0	180.0	180.0	182.0	180.0	219.0	219.0	219.0	181.0	180.0	181.0	183.0	180.0	no			
182	G	221.0	189.0	181.0	181.0	220.0	183.0	220.0	181.0	189.0	182.0	220.0	181.0	181.0	183.0	181.0	220.0	220.0	220.0	182.0	181.0	182.0	184.0	181.0	no			
183	A	222.0	190.0	182.0	182.0	221.0	184.0	221.0	182.0	190.0	183.0	221.0	182.0	182.0	184.0	182.0	221.0	221.0	221.0	183.0	182.0	183.0	185.0	182.0	no			
184	S	223.0	191.0	183.0	183.0	222.0	185.0	222.0	183.0	191.0	184.0	222.0	183.0	183.0	185.0	183.0	222.0	222.0	222.0	184.0	183.0	184.0	186.0	183.0	no			
185	Q	224.0	192.0	184.0	184.0	223.0	186.0	223.0	184.0	192.0	185.0	223.0	184.0	184.0	186.0	184.0	223.0	223.0	223.0	185.0	184.0	185.0	187.0	184.0	no			
186	R	226.0	193.0	185.0	185.0	225.0	188.0	225.0	185.0	193.0	186.0	225.0	185.0	185.0	188.0	185.0	225.0	225.0	225.0	186.0	185.0	186.0	188.0	185.0	no			
187	V	227.0	194.0	186.0	186.0	226.0	189.0	226.0	186.0	194.0	187.0	226.0	186.0	186.0	189.0	186.0	226.0	226.0	226.0	187.0	186.0	187.0	189.0	186.0	no			
188	A	228.0	195.0	187.0	187.0	227.0	190.0	227.0	187.0	195.0	188.0	227.0	187.0	187.0	190.0	187.0	227.0	227.0	227.0	188.0	187.0	188.0	190.0	187.0	no			
189	G	229.0	196.0	188.0	188.0	228.0	191.0	228.0	188.0	196.0	189.0	228.0	188.0	188.0	191.0	188.0	228.0	228.0	228.0	189.0	188.0	189.0	191.0	188.0	no			
190	D	230.0	197.0	189.0	189.0	229.0	192.0	229.0	189.0	197.0	190.0	229.0	189.0	189.0	192.0	189.0	229.0	229.0	229.0	190.0	189.0	190.0	192.0	189.0	no			
191	S	231.0	198.0	190.0	190.0	230.0	193.0	230.0	190.0	198.0	191.0	230.0	190.0	190.0	193.0	190.0	230.0	230.0	230.0	191.0	190.0	191.0	193.0	190.0	no			
192	G	232.0	199.0	191.0	191.0	231.0	194.0	231.0	191.0	199.0	192.0	231.0	191.0	191.0	194.0	191.0	231.0	231.0	231.0	192.0	191.0	192.0	194.0	191.0	no			
193	F	233.0	200.0	192.0	192.0	232.0	195.0	232.0	192.0	200.0	193.0	232.0	192.0	192.0	195.0	192.0	232.0	232.0	232.0	193.0	192.0	193.0	195.0	192.0	no			
194	A	234.0	201.0	193.0	193.0	233.0	196.0	233.0	193.0	201.0	194.0	233.0	193.0	193.0	196.0	193.0	233.0	233.0	233.0	194.0	193.0	194.0	196.0	193.0	no			
195	A	235.0	202.0	194.0	194.0	234.0	197.0	234.0	194.0	202.0	195.0	234.0	194.0	194.0	197.0	194.0	234.0	234.0	234.0	195.0	194.0	195.0	197.0	194.0	no			
196	Y	236.0	203.0	195.0	195.0	235.0	198.0	235.0	195.0	203.0	196.0	235.0	195.0	195.0	198.0	195.0	235.0	235.0	235.0	196.0	195.0	196.0	198.0	195.0	no			
197	S	237.0	204.0	196.0	196.0	236.0	199.0	236.0	196.0	204.0	197.0	236.0	196.0	196.0	199.0	196.0	236.0	236.0	236.0	197.0	196.0	197.0	199.0	196.0	no			
198	R	238.0	205.0	197.0	197.0	237.0	200.0	237.0	197.0	205.0	198.0	237.0	197.0	197.0	200.0	197.0	237.0	237.0	237.0	198.0	197.0	198.0	200.0	197.0	no			
199	Y	239.0	206.0	198.0	198.0	238.0	201.0	238.0	198.0	206.0	199.0	238.0	198.0	198.0	201.0	198.0	238.0	238.0	238.0	199.0	198.0	199.0	201.0	198.0	no			
200	R	240.0	207.0	199.0	199.0	239.0	202.0	239.0	199.0	207.0	200.0	239.0	199.0	199.0	202.0	199.0	239.0	239.0	239.0	200.0	199.0	200.0	202.0	199.0	no			
201	I	241.0	208.0	200.0	200.0	240.0	203.0	240.0	200.0	208.0	201.0	240.0	200.0	200.0	203.0	200.0	240.0	240.0	240.0	201.0	200.0	201.0	203.0	200.0	no			
202	G	242.0	209.0	201.0	201.0	241.0	204.0	241.0	201.0	209.0	202.0	241.0	201.0	201.0	204.0	201.0	241.0	241.0	241.0	202.0	201.0	202.0	204.0	201.0	no			
203	N	243.0	210.0	202.0	202.0	242.0	205.0	242.0	202.0	210.0	203.0	242.0	202.0	202.0	205.0	202.0	242.0	242.0	242.0	203.0	202.0	203.0	205.0	202.0	no			
204	Y	244.0	211.0	203.0	203.0	243.0	206.0	243.0	203.0	211.0	204.0	243.0	203.0	203.0	206.0	203.0	243.0	243.0	243.0	204.0	203.0	204.0	206.0	203.0	no			
205	K	245.0	212.0	204.0	204.0	244.0	207.0	244.0	204.0	212.0	205.0	244.0	204.0	204.0	207.0	204.0	244.0	244.0	244.0	205.0	204.0	205.0	207.0	204.0	no			
206	L	246.0	213.0	205.0	205.0	245.0	208.0	245.0	205.0	213.0	206.0	245.0	205.0	205.0	208.0	205.0	245.0	245.0	245.0	206.0	205.0	206.0	208.0	205.0	no			
207	N	247.0	214.0	206.0	206.0	246.0	209.0	246.0	206.0	214.0	207.0	246.0	206.0	206.0	209.0	206.0	246.0	246.0	246.0	207.0	206.0	207.0	209.0	206.0	no			
208	T	248.0	215.0	207.0	207.0	247.0	210.0	247.0	207.0	215.0	208.0	247.0	207.0	207.0	210.0	207.0	247.0	247.0	247.0	208.0	207.0	208.0	210.0	207.0	no			
209	D	249.0	216.0	208.0	208.0	248.0	211.0	248.0	208.0	216.0	209.0	248.0	208.0	208.0	211.0	208.0	248.0	248.0	248.0	209.0	208.0	209.0	211.0	208.0	no			
210	H	250.0	217.0	209.0	209.0	249.0	212.0	249.0	209.0	217.0	210.0	249.0	209.0	209.0	212.0	209.0	249.0	249.0	249.0	210.0	209.0	210.0	212.0	209.0	no			
211	S	251.0	218.0	210.0	210.0	250.0	213.0	250.0	210.0	218.0	211.0	250.0	210.0	210.0	213.0	210.0	250.0	250.0	250.0	211.0	210.0	211.0	213.0	210.0	no			
212	S	252.0	219.0	211.0	211.0	251.0	214.0	251.0	211.0	219.0	212.0	251.0	211.0	211.0	214.0	211.0	251.0	251.0	251.0	212.0	211.0	212.0	214.0	211.0	no			
213	S	256.0	220.0	0.0	212.0	254.0	218.0	254.0	0.0	220.0	213.0	254.0	212.0	0.0	218.0	212.0	254.0	254.0	254.0	213.0	212.0	213.0	215.0	212.0	no			
214	S	257.0	221.0	212.0	213.0	255.0	219.0	255.0	212.0	221.0	214.0	255.0	213.0	212.0	219.0	213.0	255.0	255.0	255.0	214.0	213.0	214.0	216.0	213.0	no			
215	D	258.0	222.0	213.0	214.0	256.0	220.0	256.0	213.0	222.0	215.0	256.0	214.0	213.0	220.0	214.0	256.0	256.0	256.0	215.0	214.0	215.0	217.0	214.0	no			
216	N	259.0	223.0	214.0	215.0	257.0	221.0	257.0	214.0	223.0	216.0	257.0	215.0	214.0	221.0	215.0	257.0	257.0	257.0	216.0	215.0	216.0	218.0	215.0	no			
217	I	260.0	224.0	215.0	216.0	258.0	222.0	258.0	215.0	224.0	217.0	258.0	216.0	215.0	222.0	216.0	258.0	258.0	258.0	217.0	216.0	217.0	219.0	216.0	no			
218	A	261.0	225.0	216.0	217.0	259.0	223.0	259.0	216.0	225.0	218.0	259.0	217.0	216.0	223.0	217.0	259.0	259.0	259.0	218.0	217.0	218.0	220.0	217.0	no			
219	L	262.0	226.0	217.0	218.0	260.0	224.0	260.0	217.0	226.0	219.0	260.0	218.0	217.0	224.0	218.0	260.0	260.0	260.0	219.0	218.0	219.0	221.0	218.0	no			
220	L	263.0	227.0	218.0	219.0	261.0	225.0	261.0	218.0	227.0	220.0	261.0	219.0	218.0	225.0	219.0	261.0	261.0	261.0	220.0	219.0	220.0	222.0	219.0	no			
221	V	264.0	228.0	219.0	220.0	262.0	226.0	262.0	219.0	228.0	221.0	262.0	220.0	219.0	226.0	220.0	262.0	262.0	262.0	221.0	220.0	221.0	223.0	220.0	no			
222	Q	265.0	0.0	0.0	221.0	0.0	0.0	0.0	0.0	0.0	222.0	0.0	221.0	0.0	0.0	221.0	0.0	0.0	0.0	222.0	221.0	222.0	0.0	221.0	no			
230																									yes			
231																									yes	T Cell Epitopes		10.1016/j.chom.2020.03.002
232																									yes			
233																									yes			
234																									yes	B cell epitope region		10.1016/j.chom.2020.03.002
235																									yes	B cell epitope region		10.1016/j.chom.2020.03.002
236																									yes	N Binding region, known mutation		10.1007/s11373-005-9035-9, 10.1016/j.ygeno.2020.04.016
237																									yes			
