NC_045512	AA	Alignment	NP_598309	AMM70617	AJ271965	KU740200	NP_828869	QEY10680	NC_045512.1	AID16548	AID16626	NC_019843	NP_740629	QDL88266	AIW52770	AID16752	NP_839965	Variant	Annotation	Impact	Reference
1	S	1	0	0	0	0	1	0	1	0	0	0	1	0	0	1	0	no			
2	A	7	1	0	1	1	2	1	2	1	1	1	7	1	1	2	1	no			
3	D	8	2	0	2	2	3	2	3	2	2	2	8	2	2	3	2	no			
4	A	9	3	0	3	3	4	3	4	3	3	3	9	3	3	4	3	no			
5	Q	10	4	0	4	4	5	4	5	4	4	4	10	4	4	5	4	no	Nidovirus RdRp-associated nucleotidyltransferase (NiRAN)	Insertion of Stop Codon, potential non functional protein	
6	S	11	5	0	5	5	6	5	6	5	5	5	11	5	5	6	5	no	NiRAN		
7	F	12	6	0	6	6	7	6	7	6	6	6	12	6	6	7	6	no			
8	L	13	7	0	7	7	8	7	8	7	7	7	13	7	7	8	7	no			
9	N	14	8	0	8	8	9	8	9	8	8	8	14	8	8	9	8	no			
10	R	15	9	1	9	9	10	9	10	9	9	9	15	9	9	10	9	no	NiRAN, first residue after frame shift		
11	V	16	10	2	10	10	11	10	11	10	10	10	16	10	10	11	10	no			
12	C	17	11	3	11	11	12	11	12	11	11	11	17	11	11	12	11	no			
13	G	18	12	4	12	12	13	12	13	12	12	12	18	12	12	13	12	no			
14	V	19	13	5	13	13	14	13	14	13	13	13	19	13	13	14	13	no			
15	S	20	14	6	14	14	15	14	15	14	14	14	20	14	14	15	14	no			
16	A	22	15	8	16	16	16	16	16	15	16	16	21	16	15	16	15	no			
17	A	23	16	9	17	17	17	17	17	16	17	17	22	17	16	17	16	no			
18	R	24	17	10	18	18	18	18	18	17	18	18	23	18	17	18	17	no			
19	L	25	18	11	19	19	19	19	19	18	19	19	24	19	18	19	18	no			
20	T	26	19	12	20	20	20	20	20	19	20	20	25	20	19	20	19	no			
21	P	27	20	13	21	21	21	21	21	20	21	21	26	21	20	21	20	no			
22	C	28	21	14	22	22	22	22	22	21	22	22	27	22	21	22	21	no	NiRAN		
23	G	29	0	15	23	23	23	23	23	0	23	23	28	23	0	23	0	no	NiRAN		
24	T	30	22	16	24	24	24	24	24	22	24	24	29	24	22	24	22	no			
25	G	31	23	17	25	25	25	25	25	23	25	25	30	25	23	25	23	no	NiRAN		
26	T	32	24	18	26	26	26	26	26	24	26	26	31	26	24	26	24	no			
27	S	33	25	19	27	27	27	27	27	25	27	27	32	27	25	27	25	no			
28	T	34	26	20	28	28	28	28	28	26	28	28	33	28	26	28	26	no			
29	D	35	27	21	29	29	29	29	29	27	29	29	34	29	27	29	27	no			
30	V	36	28	22	30	30	30	30	30	28	30	30	35	30	28	30	28	no			
31	V	37	29	23	31	31	31	31	31	29	31	31	36	31	29	31	29	no			
32	Y	38	30	24	32	32	32	32	32	30	32	32	37	32	30	32	30	no			
33	R	39	31	25	33	33	33	33	33	31	33	33	38	33	31	33	31	no			
34	A	40	32	26	34	34	34	34	34	32	34	34	39	34	32	34	32	no			
35	F	41	33	27	35	35	35	35	35	33	35	35	40	35	33	35	33	no			
36	D	42	34	28	36	36	36	36	36	34	36	36	41	36	34	36	34	no			
37	I	43	35	29	37	37	37	37	37	35	37	37	42	37	35	37	35	no			
38	Y	44	36	30	38	38	38	38	38	36	38	38	43	38	36	38	36	no			
39	N	45	37	31	39	39	39	39	39	37	39	39	44	39	37	39	37	no			
40	D	48	38	32	40	42	40	40	40	38	40	42	45	40	38	40	38	no			
41	K	49	39	33	41	43	41	41	41	39	41	43	46	41	39	41	39	no			
42	V	50	40	34	42	44	42	42	42	40	42	44	47	42	40	42	40	no			
43	A	51	41	35	43	45	43	43	43	41	43	45	48	43	41	43	41	no			
44	G	52	42	36	44	46	44	44	44	42	44	46	49	44	42	44	42	no	Beta Hairpin		
45	F	53	43	37	45	47	45	45	45	43	45	47	50	45	43	45	43	no			
46	A	54	44	38	46	48	46	46	46	44	46	48	51	46	44	46	44	no			
47	K	55	45	39	47	49	47	47	47	45	47	49	52	47	45	47	45	no			
48	F	56	46	40	48	50	48	48	48	46	48	50	53	48	46	48	46	no			
49	L	57	47	41	49	51	49	49	49	47	49	51	54	49	47	49	47	no			
50	K	58	48	42	50	52	50	50	50	48	50	52	55	50	48	50	48	no			
51	T	59	49	43	51	53	51	51	51	49	51	53	56	51	49	51	49	no			
52	N	60	50	44	52	54	52	52	52	50	52	54	57	52	50	52	50	no			
53	C	61	51	45	53	55	53	53	53	51	53	55	58	53	51	53	51	no			
54	C	62	52	46	54	56	54	54	54	52	54	56	59	54	52	54	52	no			
55	R	63	53	47	55	57	55	55	55	53	55	57	60	55	53	55	53	no	Interactions with Beta Hairpin		
56	F	64	54	48	56	58	56	56	56	54	56	58	61	56	54	56	54	no			
57	Q	65	55	49	57	59	57	57	57	55	57	59	62	57	55	57	55	no			
58	E	66	56	50	58	60	58	58	58	56	58	60	63	58	56	58	56	no			
59	K	67	57	51	59	61	59	59	59	57	59	61	64	59	57	59	57	no			
60	D	70	58	52	60	62	60	60	60	58	60	62	67	60	58	60	58	no			
61	E	71	59	53	61	63	61	61	61	59	61	63	68	61	59	61	59	no			
62	D	72	60	54	62	64	62	62	62	60	62	64	69	62	60	62	60	no			
63	D	73	0	55	63	65	63	63	63	0	63	65	70	63	0	63	0	no	NiRAN		
64	N	74	0	56	64	66	64	64	64	0	64	66	71	64	0	64	0	no			
65	L	77	0	57	65	67	65	65	65	0	65	67	74	65	0	65	0	no			
66	I	78	0	58	66	68	66	66	66	0	66	68	75	66	0	66	0	no			
67	D	79	61	59	67	69	67	67	67	61	67	69	76	67	61	67	61	no			
68	S	80	62	60	68	70	68	68	68	62	68	70	77	68	62	68	62	no			
69	Y	81	63	61	69	71	69	69	69	63	69	71	78	69	63	69	63	no			
70	F	82	64	62	70	72	70	70	70	64	70	72	79	70	64	70	64	no			
71	V	83	65	63	71	73	71	71	71	65	71	73	80	71	65	71	65	no			
72	V	84	66	64	72	74	72	72	72	66	72	74	81	72	66	72	66	no			
73	K	85	67	65	73	75	73	73	73	67	73	75	82	73	67	73	67	no			
74	R	86	68	66	74	76	74	74	74	68	74	76	83	74	68	74	68	no			
75	H	87	69	67	75	77	75	75	75	69	75	77	84	75	69	75	69	no			
76	T	88	70	68	76	78	76	76	76	70	76	78	85	76	70	76	70	no			
77	F	89	71	69	77	79	77	77	77	71	77	79	86	77	71	77	71	no			
78	S	90	72	70	78	80	78	78	78	72	78	80	87	78	72	78	72	no			
79	N	91	73	71	79	81	79	79	79	73	79	81	88	79	73	79	73	no			
80	Y	92	74	72	80	82	80	80	80	74	80	82	89	80	74	80	74	no			
81	Q	93	75	73	81	83	81	81	81	75	81	83	90	81	75	81	75	no			
82	H	94	76	74	82	84	82	82	82	76	82	84	91	82	76	82	76	no			
83	E	95	77	75	83	85	83	83	83	77	83	85	92	83	77	83	77	no	NiRAN A_N motif	Insertion of Stop Codon, potential non functional protein	
84	E	96	78	76	84	86	84	84	84	78	84	86	93	84	78	84	78	no	NiRAN A_N motif		
85	T	97	79	77	85	87	85	85	85	79	85	87	94	85	79	85	79	no	NiRAN A_N motif		
86	I	98	80	78	86	88	86	86	86	80	86	88	95	86	80	86	80	no			
87	Y	99	81	79	87	89	87	87	87	81	87	89	96	87	81	87	81	no			
88	N	100	82	80	88	90	88	88	88	82	88	90	97	88	82	88	82	no			
89	L	101	83	81	89	91	89	89	89	83	89	91	98	89	83	89	83	no			
90	L	102	84	82	90	92	90	90	90	84	90	92	99	90	84	90	84	no			
91	K	103	85	83	91	93	91	91	91	85	91	93	100	91	85	91	85	no			
92	D	104	86	84	92	94	92	92	92	86	92	94	101	92	86	92	86	no			
93	C	105	87	85	93	95	93	93	93	87	93	95	0	93	87	93	87	no			
94	P	106	88	86	94	96	94	94	94	88	94	96	102	94	88	94	88	no	NiRAN		
95	A	107	89	87	95	97	95	95	95	89	95	97	103	95	89	95	89	no			
96	V	108	90	88	96	98	96	96	96	90	96	98	104	96	90	96	90	no	NiRAN		
97	A	109	91	89	97	99	97	97	97	91	97	99	105	97	91	97	91	no	NiRAN		
98	K	110	92	90	98	100	98	98	98	92	98	100	106	98	92	98	92	no			
99	H	111	93	91	99	101	99	99	99	93	99	101	107	99	93	99	93	no			
100	D	112	94	92	100	102	100	100	100	94	100	102	108	100	94	100	94	no			
101	F	113	95	93	101	103	101	101	101	95	101	103	109	101	95	101	95	no			
102	F	114	96	94	102	104	102	102	102	96	102	104	110	102	96	102	96	no			
103	K	115	97	95	103	105	103	103	103	97	103	105	111	103	97	103	97	no			
104	F	116	98	96	104	106	104	104	104	98	104	106	112	104	98	104	98	no			
105	R	117	99	97	105	107	105	105	105	99	105	107	113	105	99	105	99	no			
106	I	118	100	98	106	108	106	106	106	100	106	108	114	106	100	106	100	no			
107	D	119	101	99	107	109	107	107	107	101	107	109	115	107	101	107	101	no			
108	G	120	102	100	108	110	108	108	108	102	108	110	0	108	102	108	102	no			
109	D	121	103	101	109	111	109	109	109	103	109	111	0	109	103	109	103	no			
110	M	122	104	102	110	112	110	110	110	104	110	112	0	110	104	110	104	no			
111	V	123	105	103	111	113	111	111	111	105	111	113	116	111	105	111	105	no			
112	P	124	106	104	112	114	112	112	112	106	112	114	117	112	106	112	106	no			
113	H	125	107	105	113	115	113	113	113	107	113	115	118	113	107	113	107	no			
114	I	126	108	106	114	116	114	114	114	108	114	116	119	114	108	114	108	no			
115	S	127	109	107	115	117	115	115	115	109	115	117	120	115	109	115	109	no			
116	R	128	110	108	116	118	116	116	116	110	116	118	121	116	110	116	110	no			
117	Q	129	111	109	117	119	117	117	117	111	117	119	122	117	111	117	111	no			
118	R	130	112	110	118	120	118	118	118	112	118	120	123	118	112	118	112	no			
119	L	131	113	111	119	121	119	119	119	113	119	121	124	119	113	119	113	no			
120	T	132	114	112	120	122	120	120	120	114	120	122	125	120	114	120	114	no			
121	K	133	115	113	121	123	121	121	121	115	121	123	126	121	115	121	115	yes			
122	Y	134	116	114	122	124	122	122	122	116	122	124	127	122	116	122	116	yes	NiRAN, NTD ()N terminal Domain)		10.1371/journal.ppat.1000428, 10.1126/science.abb7498, 10.1093/nar/gkg916
123	T	135	117	115	123	125	123	123	123	117	123	125	128	123	117	123	117	yes	NiRAN, NTD		10.1371/journal.ppat.1000428, 10.1016/j.virusres.2017.01.023, 10.1126/science.abb7498 10.1093/nar/gkg916
124	M	136	118	116	124	126	124	124	124	118	124	126	129	124	118	124	118	yes	NiRAN, NTD,  RNA interaction in RNA binding channel		10.1371/journal.ppat.1000428, 10.1126/science.abb7498 10.1093/nar/gkg916, 10.1074/jbc.ra120.013679
125	A	137	119	117	125	127	125	125	125	119	125	127	130	125	119	125	119	yes	NiRAN, NTD		10.1371/journal.ppat.1000428, 10.1126/science.abb7498 10.1093/nar/gkg916
126	D	138	120	118	126	128	126	126	126	120	126	128	131	126	120	126	120	yes	NiRAN, NTD		10.1371/journal.ppat.1000428, 10.1126/science.abb7498 10.1093/nar/gkg916
127	L	139	121	119	127	129	127	127	127	121	127	129	132	127	121	127	121	yes	NiRAN, NTD		10.1126/science.abb7498 10.1093/nar/gkg916
128	V	140	122	120	128	130	128	128	128	122	128	130	133	128	122	128	122	yes	NiRAN, NTD		10.1093/nar/gkg916
129	Y	141	123	121	129	131	129	129	129	123	129	131	134	129	123	129	123	yes	NiRAN, NTD		10.1093/nar/gkg916
130	A	142	124	122	130	132	130	130	130	124	130	132	135	130	124	130	124	yes	Interface domain, NTD		10.1038/s41467-019-10280-3 10.1093/nar/gkg916
131	L	143	125	123	131	133	131	131	131	125	131	133	136	131	125	131	125	yes	Interface domain, NTD		10.1038/s41467-019-10280-3 10.1093/nar/gkg916
132	R	144	126	124	132	134	132	132	132	126	132	134	137	132	126	132	126	yes	Interface domain, NTD		10.1038/s41467-019-10280-3 10.1093/nar/gkg916
133	H	145	127	125	133	135	133	133	133	127	133	135	138	133	127	133	127	yes	Interface domain, NTD		10.1038/s41467-019-10280-3 10.1093/nar/gkg916
134	F	146	128	126	134	136	134	134	134	128	134	136	139	134	128	134	128	yes	Interface domain, Observed stable mutation in Europe (mostly) and North America, NTD		10.1186/s12967-020-02344-6, 10.1038/s41467-019-10280-3, 10.1016/j.ygeno.2020.04.016 10.1093/nar/gkg916
135	D	147	129	127	135	137	135	135	135	129	135	137	140	135	129	135	129	yes	C-ter portion, “right hand” RdRp domain, Fingers Domain		10.1093/nar/gkg916, 10.1126/science.abb7498, 10.1093/nar/gkg916
136	E	148	130	128	136	138	136	136	136	130	136	138	141	136	130	136	130	yes	C-ter portion, “right hand” RdRp domain, Fingers Domain		10.1093/nar/gkg916, 10.1126/science.abb7498, 10.1093/nar/gkg916
137	G	149	131	129	137	139	137	137	137	131	137	139	142	137	131	137	131	yes	C-ter portion, “right hand” RdRp domain, Fingers Domain		10.1093/nar/gkg916, 10.1126/science.abb7498, 10.1093/nar/gkg916
138	N	150	132	130	138	140	138	138	138	132	138	140	143	138	132	138	132	yes	C-ter portion, Domain G (Positioning of template overhang), “right hand” RdRp domain		10.1093/nar/gkg916, 10.1126/science.abb7498
139	C	151	133	131	139	0	139	139	139	133	139	0	144	139	133	139	133	yes	C-ter portion, Fingers Domain,  Interaction with RNA, “right hand” RdRp domain		10.1093/nar/gkg916, 10.1038/s41586-020-2368-8, 10.1126/science.abb7498
140	D	152	134	132	140	141	140	140	140	134	140	141	145	140	134	140	134	yes	C-ter portion, Fingers Domain, “right hand” RdRp domain		10.1093/nar/gkg916, 10.1038/s41586-020-2368-8, 10.1126/science.abb7498
141	T	153	135	133	141	142	141	141	141	135	141	142	146	141	135	141	135	yes	RdRp domain; Palm domain, A motif, tested for resistance to ntp analogues antiviral, no impact., C-ter portion, “right hand” RdRp domain		10.1128/JVI.00080-16, 10.1126/science.abb7498, 10.1038/s41467-019-10280-3 10.1093/nar/gkg916, 10.1126/science.abb7498
142	L	154	136	134	142	143	142	142	142	136	142	143	147	142	136	142	136	yes	RdRp domain;, C-ter portion; Palm domain, “right hand” RdRp domain		10.1126/science.abb7498, 10.1038/s41467-019-10280-3 10.1093/nar/gkg916, 10.1038/s41586-020-2368-8, 10.1126/science.abb7498
143	K	155	137	135	143	144	143	143	143	137	143	144	148	143	137	143	137	yes	RdRp domain; C-ter portion; Palm domain, “right hand” RdRp domain		10.1126/science.abb7498, 10.1038/s41467-019-10280-3 10.1093/nar/gkg916, 10.1038/s41586-020-2368-8, 10.1126/science.abb7498
144	E	156	138	136	144	145	144	144	144	138	144	145	149	144	138	144	138	yes	RdRp domain; C-ter portion; Palm domain, “right hand” RdRp domain		10.1126/science.abb7498, 10.1038/s41467-019-10280-3 10.1093/nar/gkg916, 10.1038/s41586-020-2368-8, 10.1126/science.abb7498
145	I	157	139	137	145	146	145	145	145	139	145	146	150	145	139	145	139	yes	RdRp domain; Palm;, C-ter portion, C Domain, “right hand” RdRp domain		10.1126/science.abb7498, 10.1038/s41467-019-10280-3 10.1093/nar/gkg916
146	L	158	140	138	146	147	146	146	146	140	146	147	151	146	140	146	140	yes	C-ter portion, “right hand” RdRp domain		10.1093/nar/gkg916, 10.1126/science.abb7498
147	V	159	141	139	147	148	147	147	147	141	147	148	152	147	141	147	141	no			
148	T	160	142	140	148	149	148	148	148	142	148	149	153	148	142	148	142	no			
149	Y	161	143	141	149	150	149	149	149	143	149	150	154	149	143	149	143	no			
150	N	162	144	142	150	151	150	150	150	144	150	151	155	150	144	150	144	no			
151	C	163	145	143	151	152	151	151	151	145	151	152	156	151	145	151	145	no			
152	C	164	146	144	152	153	152	152	152	146	152	153	157	152	146	152	146	no			
153	D	165	147	145	153	154	153	153	153	147	153	154	158	153	147	153	147	no			
154	D	166	148	146	154	155	154	154	154	148	154	155	0	154	148	154	148	no			
155	D	167	149	147	155	156	155	155	155	149	155	156	159	155	149	155	149	no			
156	Y	168	150	148	156	157	156	156	156	150	156	157	160	156	150	156	150	no			
157	F	169	151	149	157	158	157	157	157	151	157	158	161	157	151	157	151	no			
158	N	175	152	150	158	159	158	158	158	152	158	159	167	158	152	158	152	no			
159	K	176	153	151	159	160	159	159	159	153	159	160	168	159	153	159	153	no			
160	K	177	154	152	160	161	160	160	160	154	160	161	169	160	154	160	154	no			
161	D	178	155	153	161	162	161	161	161	155	161	162	170	161	155	161	155	no			
162	W	179	156	154	162	163	162	162	162	156	162	163	171	162	156	162	156	no			
163	Y	180	157	155	163	164	163	163	163	157	163	164	172	163	157	163	157	no			
164	D	181	158	156	164	165	164	164	164	158	164	165	173	164	158	164	158	no			
165	F	182	159	157	165	166	165	165	165	159	165	166	174	165	159	165	159	no			
166	V	183	160	158	166	167	166	166	166	160	166	167	175	166	160	166	160	no			
167	E	184	161	159	167	168	167	167	167	161	167	168	176	167	161	167	161	no			
168	N	185	162	160	168	169	168	168	168	162	168	169	177	168	162	168	162	no			
169	P	186	163	161	169	170	169	169	169	163	169	170	178	169	163	169	163	no			
170	D	187	164	162	170	171	170	170	170	164	170	171	179	170	164	170	164	no	NiRAN		
171	I	188	165	163	171	172	171	171	171	165	171	172	180	171	165	171	165	no	NiRAN		
172	L	189	166	164	172	173	172	172	172	166	172	173	181	172	166	172	166	no			
173	R	190	167	165	173	174	173	173	173	167	173	174	182	173	167	173	167	no			
174	V	191	168	166	174	175	174	174	174	168	174	175	183	174	168	174	168	no			
175	Y	192	169	167	175	176	175	175	175	169	175	176	184	175	169	175	169	no			
176	A	193	170	168	176	177	176	176	176	170	176	177	185	176	170	176	170	no			
177	N	194	171	169	177	178	177	177	177	171	177	178	186	177	171	177	171	no			
178	L	195	172	170	178	179	178	178	178	172	178	179	187	178	172	178	172	no			
179	G	196	173	171	179	180	179	179	179	173	179	180	188	179	173	179	173	no			
180	E	197	174	172	180	181	180	180	180	174	180	181	189	180	174	180	174	no			
181	R	198	175	173	181	182	181	181	181	175	181	182	190	181	175	181	175	no			
182	V	199	176	174	182	183	182	182	182	176	182	183	191	182	176	182	176	no			
183	R	200	177	175	183	184	183	183	183	177	183	184	192	183	177	183	177	no			
184	Q	201	178	176	184	185	184	184	184	178	184	185	193	184	178	184	178	no	NiRAN	Insertion of Stop Codon, potential non functional protein	
185	A	202	179	177	185	186	185	185	185	179	185	186	194	185	179	185	179	no			
186	L	203	180	178	186	187	186	186	186	180	186	187	195	186	180	186	180	no			
187	L	204	181	179	187	188	187	187	187	181	187	188	196	187	181	187	181	no			
188	K	205	182	180	188	189	188	188	188	182	188	189	197	188	182	188	182	no			
189	T	206	183	181	189	190	189	189	189	183	189	190	198	189	183	189	183	no			
190	V	207	184	182	190	191	190	190	190	184	190	191	199	190	184	190	184	no			
191	Q	208	185	183	191	192	191	191	191	185	191	192	200	191	185	191	185	no			
192	F	209	186	184	192	193	192	192	192	186	192	193	201	192	186	192	186	no			
193	C	210	187	185	193	194	193	193	193	187	193	194	202	193	187	193	187	no			
194	D	211	188	186	194	195	194	194	194	188	194	195	203	194	188	194	188	no			
195	A	212	189	187	195	196	195	195	195	189	195	196	204	195	189	195	189	no			
196	M	213	190	188	196	197	196	196	196	190	196	197	205	196	190	196	190	no			
197	R	214	191	189	197	198	197	197	197	191	197	198	206	197	191	197	191	no			
198	N	215	192	190	198	199	198	198	198	192	198	199	207	198	192	198	192	no			
199	A	216	193	191	199	200	199	199	199	193	199	200	208	199	193	199	193	no			
200	G	217	194	192	200	201	200	200	200	194	200	201	209	200	194	200	194	no			
201	I	218	195	193	201	202	201	201	201	195	201	202	210	201	195	201	195	no			
202	V	219	196	194	202	203	202	202	202	196	202	203	211	202	196	202	196	no			
203	G	220	197	195	203	204	203	203	203	197	203	204	212	203	197	203	197	no			
204	V	221	198	196	204	205	204	204	204	198	204	205	213	204	198	204	198	no			
205	L	222	199	197	205	206	205	205	205	199	205	206	214	205	199	205	199	no	NiRAN C_N motif		
206	T	223	200	198	206	207	206	206	206	200	206	207	215	206	200	206	200	no			
207	L	224	201	199	207	208	207	207	207	201	207	208	216	207	201	207	201	no			
208	D	225	202	200	208	209	208	208	208	202	208	209	217	208	202	208	202	no			
209	N	226	203	201	209	210	209	209	209	203	209	210	218	209	203	209	203	no			
210	Q	227	204	202	210	211	210	210	210	204	210	211	219	210	204	210	204	no			
211	D	228	205	203	211	212	211	211	211	205	211	212	220	211	205	211	205	no			
212	L	229	206	204	212	213	212	212	212	206	212	213	221	212	206	212	206	no			
213	N	230	207	205	213	214	213	213	213	207	213	214	222	213	207	213	207	no	NiRAN C_N motif		
214	G	231	208	206	214	215	214	214	214	208	214	215	223	214	208	214	208	no			
215	N	232	209	207	215	216	215	215	215	209	215	216	224	215	209	215	209	no			
216	W	233	210	208	216	217	216	216	216	210	216	217	225	216	210	216	210	no			
217	Y	234	211	209	217	218	217	217	217	211	217	218	226	217	211	217	211	no			
218	D	235	212	210	218	219	218	218	218	212	218	219	227	218	212	218	212	no			
219	F	236	213	211	219	220	219	219	219	213	219	220	228	219	213	219	213	no			
220	G	237	214	212	220	221	220	220	220	214	220	221	229	220	214	220	214	no			
221	D	238	215	213	221	222	221	221	221	215	221	222	230	221	215	221	215	no			
222	F	239	216	214	222	223	222	222	222	216	222	223	231	222	216	222	216	no			
223	I	240	217	215	223	224	223	223	223	217	223	224	232	223	217	223	217	no			
224	Q	241	218	216	224	225	224	224	224	218	224	225	233	224	218	224	218	no	NiRAN		
225	T	242	219	217	225	226	225	225	225	219	225	226	234	225	219	225	219	no			
226	T	243	220	218	226	227	226	226	226	220	226	227	235	226	220	226	220	no			
227	P	244	221	219	227	228	227	227	227	221	227	228	236	227	221	227	221	no			
228	G	245	222	220	228	229	228	228	228	222	228	229	237	228	222	228	222	no	NiRAN		
229	S	246	223	221	229	230	229	229	229	223	229	230	238	229	223	229	223	no			
230	G	247	224	222	230	231	230	230	230	224	230	231	239	230	224	230	224	no			
231	V	248	225	223	231	232	231	231	231	225	231	232	240	231	225	231	225	no			
232	P	249	226	224	232	233	232	232	232	226	232	233	241	232	226	232	226	no			
233	V	250	227	225	233	234	233	233	233	227	233	234	242	233	227	233	227	no			
234	V	251	228	226	234	235	234	234	234	228	234	235	243	234	228	234	228	no			
235	D	252	229	227	235	236	235	235	235	229	235	236	244	235	229	235	229	no			
236	S	253	230	228	236	237	236	236	236	230	236	237	245	236	230	236	230	no			
237	Y	254	231	229	237	238	237	237	237	231	237	238	246	237	231	237	231	no			
238	Y	255	232	230	238	239	238	238	238	232	238	239	247	238	232	238	232	no			
239	S	256	233	231	239	240	239	239	239	233	239	240	248	239	233	239	233	no			
240	L	257	234	232	240	241	240	240	240	234	240	241	249	240	234	240	234	no			
241	L	258	235	233	241	242	241	241	241	235	241	242	250	241	235	241	235	no			
242	M	259	236	234	242	243	242	242	242	236	242	243	251	242	236	242	236	no			
243	P	260	237	235	243	244	243	243	243	237	243	244	252	243	237	243	237	no			
244	I	261	238	236	244	245	244	244	244	238	244	245	253	244	238	244	238	no			
245	L	262	239	237	245	246	245	245	245	239	245	246	254	245	239	245	239	no			
246	T	263	240	238	246	247	246	246	246	240	246	247	255	246	240	246	240	no			
247	L	264	241	239	247	248	247	247	247	241	247	248	256	247	241	247	241	no			
248	T	265	242	240	248	249	248	248	248	242	248	249	257	248	242	248	242	no	NiRAN		
249	R	266	243	241	249	250	249	249	249	243	249	250	258	249	243	249	243	no	NiRAN		
250	A	267	244	242	250	251	250	250	250	244	250	251	259	250	244	250	244	no	Interface		
251	L	268	245	243	251	252	251	251	251	245	251	252	260	251	245	251	245	no	Interface		
252	T	269	246	244	252	253	252	252	252	246	252	253	261	252	246	252	246	no	Interface		
253	A	270	247	245	253	254	253	253	253	247	253	254	262	253	247	253	247	no	Interface		
254	E	271	248	246	254	255	254	254	254	248	254	255	263	254	248	254	248	no			
255	S	272	249	247	255	256	255	255	255	249	255	256	264	255	249	255	249	no			
256	H	273	250	248	256	257	256	256	256	250	256	257	265	256	250	256	250	no			
257	V	274	251	249	257	258	257	257	257	251	257	258	266	257	251	257	251	no			
258	D	275	252	250	258	259	258	258	258	252	258	259	267	258	252	258	252	no			
259	T	276	253	251	0	260	259	0	259	253	0	260	268	0	253	259	253	no			
260	D	277	254	252	0	261	260	0	260	254	0	261	269	0	254	260	254	no			
261	L	278	255	253	0	262	261	0	261	255	0	262	270	0	255	261	255	no			
262	T	280	257	254	0	263	262	0	262	257	0	263	271	0	257	262	257	no	Interface		
263	K	281	258	255	259	264	263	259	263	258	259	264	272	259	258	263	258	no			
264	P	282	259	256	260	265	264	260	264	259	260	265	273	260	259	264	259	no			
265	Y	283	260	257	261	266	265	261	265	260	261	266	274	261	260	265	260	no			
266	I	284	261	258	262	267	266	262	266	261	262	267	275	262	261	266	261	no			
267	K	285	262	259	263	268	267	263	267	262	263	268	276	263	262	267	262	no			
268	W	286	263	260	264	269	268	264	268	263	264	269	277	264	263	268	263	no	Interface		
269	D	287	264	261	265	270	269	265	269	264	265	270	278	265	264	269	264	no			
270	L	288	265	262	266	271	270	266	270	265	266	271	279	266	265	270	265	no			
271	L	289	266	263	267	272	271	267	271	266	267	272	280	267	266	271	266	no			
272	K	290	267	264	268	273	272	268	272	267	268	273	281	268	267	272	267	no			
273	Y	291	268	265	269	274	273	269	273	268	269	274	282	269	268	273	268	no			
274	D	292	269	266	270	275	274	270	274	269	270	275	283	270	269	274	269	no			
275	F	293	270	267	271	276	275	271	275	270	271	276	284	271	270	275	270	no			
276	T	294	271	268	272	277	276	272	276	271	272	277	285	272	271	276	271	no			
277	E	295	272	269	273	278	277	273	277	272	273	278	286	273	272	277	272	no	Interface	Insertion of Stop Codon, potential non functional protein	
278	E	296	273	270	274	279	278	274	278	273	274	279	287	274	273	278	273	no			
279	R	297	274	271	275	280	279	275	279	274	275	280	288	275	274	279	274	no	Interface		
280	L	298	275	272	276	281	280	276	280	275	276	281	289	276	275	280	275	no			
281	K	299	276	273	277	282	281	277	281	276	277	282	290	277	276	281	276	no			
282	L	300	277	274	278	283	282	278	282	277	278	283	291	278	277	282	277	no			
283	F	301	278	275	279	284	283	279	283	278	279	284	292	279	278	283	278	no			
284	D	302	279	276	280	285	284	280	284	279	280	285	293	280	279	284	279	no			
285	R	303	280	277	281	286	285	281	285	280	281	286	294	281	280	285	280	no	Interface		
286	Y	304	281	278	282	287	286	282	286	281	282	287	295	282	281	286	281	no			
287	F	305	282	279	283	288	287	283	287	282	283	288	296	283	282	287	282	no			
288	K	306	283	280	284	289	288	284	288	283	284	289	297	284	283	288	283	no			
289	Y	307	284	281	285	290	289	285	289	284	285	290	298	285	284	289	284	no			
290	W	308	285	282	286	291	290	286	290	285	286	291	299	286	285	290	285	no	Interface		
291	D	309	286	283	287	292	291	287	291	286	287	292	300	287	286	291	286	no	Interface, involved in substrate recognition (non hydrolysable ADP substrate)		10.1074/jbc.RA120.013679
292	Q	310	287	284	288	293	292	288	292	287	288	293	301	288	287	292	287	no			
293	T	311	288	285	289	294	293	289	293	288	289	294	302	289	288	293	288	no			
294	Y	312	289	286	290	295	294	290	294	289	290	295	303	290	289	294	289	no	Interface		
295	H	313	290	287	291	296	295	291	295	290	291	296	304	291	290	295	290	no			
296	P	314	291	288	292	297	296	292	296	291	292	297	305	292	291	296	291	no			
297	N	315	292	289	293	298	297	293	297	292	293	298	306	293	292	297	292	no			
298	C	316	293	290	294	299	298	294	298	293	294	299	307	294	293	298	293	no			
299	V	317	294	291	295	300	299	295	299	294	295	300	308	295	294	299	294	no			
300	N	318	295	292	296	301	300	296	300	295	296	301	309	296	295	300	295	no			
301	C	319	296	293	297	302	301	297	301	296	297	302	310	297	296	301	296	no			
302	L	320	297	294	298	303	302	298	302	297	298	303	311	298	297	302	297	no			
303	D	321	298	295	299	304	303	299	303	298	299	304	312	299	298	303	298	no			
304	D	322	299	296	300	305	304	300	304	299	300	305	313	300	299	304	299	no			
305	R	323	300	297	301	306	305	301	305	300	301	306	314	301	300	305	300	no			
306	C	324	301	298	302	307	306	302	306	301	302	307	315	302	301	306	301	no			
307	I	325	302	299	303	308	307	303	307	302	303	308	316	303	302	307	302	no			
308	L	326	303	300	304	309	308	304	308	303	304	309	317	304	303	308	303	no			
309	H	327	304	301	305	310	309	305	309	304	305	310	318	305	304	309	304	no			
310	C	328	305	302	306	311	310	306	310	305	306	311	319	306	305	310	305	no			
311	A	329	306	303	307	312	311	307	311	306	307	312	320	307	306	311	306	no			
312	N	330	307	304	308	313	312	308	312	307	308	313	321	308	307	312	307	no			
313	F	331	308	305	309	314	313	309	313	308	309	314	322	309	308	313	308	no			
314	N	332	309	306	310	315	314	310	314	309	310	315	323	310	309	314	309	no			
315	V	333	310	307	311	316	315	311	315	310	311	316	324	311	310	315	310	no			
316	L	334	311	308	312	317	316	312	316	311	312	317	325	312	311	316	311	no			
317	F	335	312	309	313	318	317	313	317	312	313	318	326	313	312	317	312	no			
318	S	336	313	310	314	319	318	314	318	313	314	319	327	314	313	318	313	no			
319	T	337	314	311	315	320	319	315	319	314	315	320	328	315	314	319	314	no			
320	V	338	315	312	316	321	320	316	320	315	316	321	329	316	315	320	315	no			
321	F	339	316	313	317	322	321	317	321	316	317	322	330	317	316	321	316	no			
322	P	340	317	314	318	323	322	318	322	317	318	323	331	318	317	322	317	no			
323	P	341	318	315	319	324	323	319	323	318	319	324	332	319	318	323	318	no	Interface, Observed stable mutation in Europe (mostly) and North America		10.1186/s12967-020-02344-6
324	T	342	319	316	320	325	324	320	324	319	320	325	333	320	319	324	319	no			
325	S	343	320	317	321	326	325	321	325	320	321	326	334	321	320	325	320	no			
326	F	344	321	318	322	327	326	322	326	321	322	327	335	322	321	326	321	no			
327	G	345	322	319	323	328	327	323	327	322	323	328	336	323	322	327	322	no			
328	P	346	323	320	324	329	328	324	328	323	324	329	337	324	323	328	323	no			
329	L	347	324	321	325	330	329	325	329	324	325	330	338	325	324	329	324	no			
330	V	348	325	322	326	331	330	326	330	325	326	331	339	326	325	330	325	no	Interface		
331	R	349	326	323	327	332	331	327	331	326	327	332	340	327	326	331	326	no			
332	K	350	327	324	328	333	332	328	332	327	328	333	341	328	327	332	327	no			
333	I	351	328	325	329	334	333	329	333	328	329	334	342	329	328	333	328	no	Interface		
334	F	352	329	326	330	335	334	330	334	329	330	335	343	330	329	334	329	no			
335	V	353	330	327	331	336	335	331	335	330	331	336	344	331	330	335	330	no			
336	D	354	331	328	332	337	336	332	336	331	332	337	345	332	331	336	331	no			
337	G	355	332	329	333	338	337	333	337	332	333	338	346	333	332	337	332	no			
338	V	356	333	330	334	339	338	334	338	333	334	339	347	334	333	338	333	no			
339	P	357	334	331	335	340	339	335	339	334	335	340	348	335	334	339	334	no			
340	F	358	335	332	336	341	340	336	340	335	336	341	349	336	335	340	335	no			
341	V	359	336	333	337	342	341	337	341	336	337	342	350	337	336	341	336	no			
342	V	360	337	334	338	343	342	338	342	337	338	343	351	338	337	342	337	no			
343	S	361	338	335	339	344	343	339	343	338	339	344	352	339	338	343	338	no			
344	T	362	339	336	340	345	344	340	344	339	340	345	353	340	339	344	339	no			
345	G	363	340	337	341	346	345	341	345	340	341	346	354	341	340	345	340	no			
346	Y	364	341	338	342	347	346	342	346	341	342	347	355	342	341	346	341	no			
347	H	365	342	339	343	348	347	343	347	342	343	348	356	343	342	347	342	no			
348	F	366	343	340	344	349	348	344	348	343	344	349	357	344	343	348	343	no			
349	R	367	344	341	345	350	349	345	349	344	345	350	358	345	344	349	344	no			
350	E	368	345	342	346	351	350	346	350	345	346	351	359	346	345	350	345	no			
351	L	369	346	343	347	352	351	347	351	346	347	352	360	347	346	351	346	no			
352	G	370	347	344	348	353	352	348	352	347	348	353	361	348	347	352	347	no			
353	V	371	348	345	349	354	353	349	353	348	349	354	362	349	348	353	348	no			
354	V	372	349	346	350	355	354	350	354	349	350	355	363	350	349	354	349	no	Interface		
355	H	373	350	347	351	356	355	351	355	350	351	356	364	351	350	355	350	no			
356	N	374	351	348	352	357	356	352	356	351	352	357	365	352	351	356	351	no			
357	Q	375	352	349	353	358	357	353	357	352	353	358	366	353	352	357	352	no			
358	D	376	353	350	354	359	358	354	358	353	354	359	367	354	353	358	353	no			
359	V	377	354	351	355	360	359	355	359	354	355	360	368	355	354	359	354	no			
360	N	378	355	352	356	361	360	356	360	355	356	361	369	356	355	360	355	no			
361	L	379	356	353	357	362	361	357	361	356	357	362	370	357	356	361	356	no			
362	H	380	357	354	358	363	362	358	362	357	358	363	371	358	357	362	357	no			
363	S	381	358	355	359	364	363	359	363	358	359	364	372	359	358	363	358	no			
364	S	382	359	356	360	365	364	360	364	359	360	365	373	360	359	364	359	no			
365	R	383	360	357	361	366	365	361	365	360	361	366	374	361	360	365	360	no			
366	L	384	361	358	362	367	366	362	366	361	362	367	375	362	361	366	361	no	Fingers		
367	S	385	362	359	363	368	367	363	367	362	363	368	376	363	362	367	362	no			
368	F	386	363	360	364	369	368	364	368	363	364	369	377	364	363	368	363	no			
369	K	387	364	361	365	370	369	365	369	364	365	370	378	365	364	369	364	no			
370	E	388	365	362	366	371	370	366	370	365	366	371	379	366	365	370	365	no	Fingers	Insertion of Stop Codon, potential non functional protein	
371	L	389	366	363	367	372	371	367	371	366	367	372	380	367	366	371	366	no			
372	L	390	367	364	368	373	372	368	372	367	368	373	381	368	367	372	367	no	Fingers		
373	V	391	368	365	369	374	373	369	373	368	369	374	382	369	368	373	368	no			
374	Y	392	369	366	370	375	374	370	374	369	370	375	383	370	369	374	369	no			
375	A	393	370	367	371	376	375	371	375	370	371	376	384	371	370	375	370	no			
376	A	394	371	368	372	377	376	372	376	371	372	377	385	372	371	376	371	no			
377	D	395	372	369	373	378	377	373	377	372	373	378	386	373	372	377	372	no			
378	P	396	373	370	374	379	378	374	378	373	374	379	387	374	373	378	373	no			
379	A	397	374	371	375	380	379	375	379	374	375	380	388	375	374	379	374	no			
380	M	398	375	372	376	381	380	376	380	375	376	381	389	376	375	380	375	no			
381	H	399	376	373	377	382	381	377	381	376	377	382	390	377	376	381	376	no			
382	A	400	377	374	378	383	382	378	382	377	378	383	391	378	377	382	377	no			
383	A	401	378	375	379	384	383	379	383	378	379	384	392	379	378	383	378	no			
384	S	402	379	376	380	385	384	380	384	379	380	385	393	380	379	384	379	no			
385	G	403	380	377	381	386	385	381	385	380	381	386	394	381	380	385	380	no			
386	N	404	381	378	382	387	386	382	386	381	382	387	395	382	381	386	381	no			
387	L	405	382	379	383	388	387	383	387	382	383	388	396	383	382	387	382	no			
388	L	406	383	380	384	389	388	384	388	383	384	389	397	384	383	388	383	no			
389	L	407	384	381	385	390	389	385	389	384	385	390	398	385	384	389	384	no			
390	D	408	385	382	386	391	390	386	390	385	386	391	399	386	385	390	385	no			
391	K	409	386	383	387	392	391	387	391	386	387	392	400	387	386	391	386	no			
392	R	410	387	384	388	393	392	388	392	387	388	393	401	388	387	392	387	no			
393	T	411	388	385	389	394	393	389	393	388	389	394	402	389	388	393	388	no			
394	T	412	389	386	390	395	394	390	394	389	390	395	403	390	389	394	389	no			
395	C	413	390	387	391	396	395	391	395	390	391	396	404	391	390	395	390	no			
396	F	414	391	388	392	397	396	392	396	391	392	397	405	392	391	396	391	no			
397	S	415	392	389	393	398	397	393	397	392	393	398	406	393	392	397	392	no			
398	V	416	393	390	394	399	398	394	398	393	394	399	407	394	393	398	393	no			
399	A	417	394	391	395	400	399	395	399	394	395	400	408	395	394	399	394	no			
400	A	418	395	392	396	401	400	396	400	395	396	401	409	396	395	400	395	no			
401	L	419	396	393	397	402	401	397	401	396	397	402	410	397	396	401	396	no			
402	T	420	397	394	398	403	402	398	402	397	398	403	411	398	397	402	397	no			
403	N	421	398	395	399	404	403	399	403	398	399	404	412	399	398	403	398	no			
404	N	422	399	396	400	405	404	400	404	399	400	405	413	400	399	404	399	no			
405	V	423	400	397	401	406	405	401	405	400	401	406	414	401	400	405	400	no	Fingers		
406	A	424	401	398	402	407	406	402	406	401	402	407	415	402	401	406	401	no			
407	F	425	402	399	403	408	407	403	407	402	403	408	416	403	402	407	402	no			
408	Q	426	403	400	404	409	408	404	408	403	404	409	417	404	403	408	403	no			
409	T	427	404	401	405	410	409	405	409	404	405	410	418	405	404	409	404	no			
410	V	428	405	402	406	411	410	406	410	405	406	411	419	406	405	410	405	no			
411	K	429	406	403	407	412	411	407	411	406	407	412	420	407	406	411	406	no			
412	P	430	407	404	408	413	412	408	412	407	408	413	421	408	407	412	407	no	Fingers, Region of interactions involved in Replication Complex association		
413	G	431	408	405	409	414	413	409	413	408	409	414	422	409	408	413	408	no			
414	N	432	409	406	410	415	414	410	414	409	410	415	423	410	409	414	409	no			
415	F	433	410	407	411	416	415	411	415	410	411	416	424	411	410	415	410	no			
416	N	434	411	408	412	417	416	412	416	411	412	417	425	412	411	416	411	no			
417	K	435	412	409	413	418	417	413	417	412	413	418	426	413	412	417	412	no			
418	D	436	413	410	414	419	418	414	418	413	414	419	427	414	413	418	413	no			
419	F	437	414	411	415	420	419	415	419	414	415	420	428	415	414	419	414	no			
420	Y	438	415	412	416	421	420	416	420	415	416	421	429	416	415	420	415	no			
421	D	439	416	413	417	422	421	417	421	416	417	422	430	417	416	421	416	no			
422	F	440	417	414	418	423	422	418	422	417	418	423	431	418	417	422	417	no			
423	A	441	418	415	419	424	423	419	423	418	419	424	432	419	418	423	418	no			
424	V	442	419	416	420	425	424	420	424	419	420	425	433	420	419	424	419	no			
425	S	443	420	417	421	426	425	421	425	420	421	426	434	421	420	425	420	no			
426	K	444	421	418	422	427	426	422	426	421	422	427	435	422	421	426	421	no			
427	G	445	422	419	423	428	427	423	427	422	423	428	436	423	422	427	422	no			
428	F	446	423	420	424	429	428	424	428	423	424	429	437	424	423	428	423	no			
429	F	447	424	421	425	430	429	425	429	424	425	430	438	425	424	429	424	no			
430	K	448	425	422	426	431	430	426	430	425	426	431	439	426	425	430	425	no			
431	E	449	426	423	427	432	431	427	431	426	427	432	440	427	426	431	426	no			
432	G	450	427	424	428	433	432	428	432	427	428	433	441	428	427	432	427	no			
433	S	451	428	425	429	434	433	429	433	428	429	434	442	429	428	433	428	no			
434	S	452	429	426	430	435	434	430	434	429	430	435	443	430	429	434	429	no			
435	V	453	430	427	431	436	435	431	435	430	431	436	444	431	430	435	430	no			
436	E	454	431	428	432	437	436	432	436	431	432	437	445	432	431	436	431	no			
437	L	455	432	429	433	438	437	433	437	432	433	438	446	433	432	437	432	no			
438	K	456	433	430	434	439	438	434	438	433	434	439	447	434	433	438	433	no			
439	H	457	434	431	435	440	439	435	439	434	435	440	448	435	434	439	434	no	Fingers, Region of interactions involved in Replication Complex association		
440	F	458	435	432	436	441	440	436	440	435	436	441	449	436	435	440	435	no			
441	F	459	436	433	437	442	441	437	441	436	437	442	450	437	436	441	436	no			
442	F	460	437	434	438	443	442	438	442	437	438	443	451	438	437	442	437	no			
443	A	461	438	435	439	444	443	439	443	438	439	444	452	439	438	443	438	no	Fingers, Region of interactions involved in Replication Complex association		
444	Q	462	439	436	440	445	444	440	444	439	440	445	453	440	439	444	439	no			
445	D	463	440	437	441	446	445	441	445	440	441	446	454	441	440	445	440	no			
446	G	464	441	438	442	447	446	442	446	441	442	447	455	442	441	446	441	no			
447	N	465	442	439	443	448	447	443	447	442	443	448	456	443	442	447	442	no			
448	A	466	443	440	444	449	448	444	448	443	444	449	457	444	443	448	443	no			
449	A	467	444	441	445	450	449	445	449	444	445	450	458	445	444	449	444	no	Fingers		
450	I	468	445	442	446	451	450	446	450	445	446	451	459	446	445	450	445	no			
451	S	469	446	443	447	452	451	447	451	446	447	452	460	447	446	451	446	no			
452	D	470	447	444	448	453	452	448	452	447	448	453	461	448	447	452	447	no			
453	Y	471	448	445	449	454	453	449	453	448	449	454	462	449	448	453	448	no			
454	D	472	449	446	450	455	454	450	454	449	450	455	463	450	449	454	449	no			
455	Y	473	450	447	451	456	455	451	455	450	451	456	464	451	450	455	450	no			
456	Y	474	451	448	452	457	456	452	456	451	452	457	465	452	451	456	451	no			
457	R	475	452	449	453	458	457	453	457	452	453	458	466	453	452	457	452	no			
458	Y	476	453	450	454	459	458	454	458	453	454	459	467	454	453	458	453	no	Fingers		
459	N	477	454	451	455	460	459	455	459	454	455	460	468	455	454	459	454	no			
460	L	478	455	452	456	461	460	456	460	455	456	461	469	456	455	460	455	no			
461	P	479	456	453	457	462	461	457	461	456	457	462	470	457	456	461	456	no			
462	T	480	457	454	458	463	462	458	462	457	458	463	471	458	457	462	457	no			
463	M	481	458	455	459	464	463	459	463	458	459	464	472	459	458	463	458	no			
464	C	482	459	456	460	465	464	460	464	459	460	465	473	460	459	464	459	no			
465	D	483	460	457	461	466	465	461	465	460	461	466	474	461	460	465	460	no			
466	I	484	461	458	462	467	466	462	466	461	462	467	475	462	461	466	461	no			
467	R	485	462	459	463	468	467	463	467	462	463	468	476	463	462	467	462	no			
468	Q	486	463	460	464	469	468	464	468	463	464	469	477	464	463	468	463	no			
469	L	487	464	461	465	470	469	465	469	464	465	470	478	465	464	469	464	no			
470	L	488	465	462	466	471	470	466	470	465	466	471	479	466	465	470	465	no			
471	F	489	466	463	467	472	471	467	471	466	467	472	480	467	466	471	466	no			
472	V	490	467	464	468	473	472	468	472	467	468	473	481	468	467	472	467	no			
473	V	491	468	465	469	474	473	469	473	468	469	474	482	469	468	473	468	no			
474	E	492	469	466	470	475	474	470	474	469	470	475	483	470	469	474	469	no			
475	V	493	470	467	471	476	475	471	475	470	471	476	484	471	470	475	470	no			
476	V	494	471	468	472	477	476	472	476	471	472	477	485	472	471	476	471	no			
477	D	495	472	469	473	478	477	473	477	472	473	478	486	473	472	477	472	no			
478	K	496	473	470	474	479	478	474	478	473	474	479	487	474	473	478	473	no			
479	Y	497	474	471	475	480	479	475	479	474	475	480	488	475	474	479	474	no			
480	F	498	475	472	476	481	480	476	480	475	476	481	489	476	475	480	475	no			
481	D	499	476	473	477	482	481	477	481	476	477	482	490	477	476	481	476	no			
482	C	500	477	474	478	483	482	478	482	477	478	483	491	478	477	482	477	no			
483	Y	501	478	475	479	484	483	479	483	478	479	484	492	479	478	483	478	no			
484	D	502	479	476	480	485	484	480	484	479	480	485	493	480	479	484	479	no			
485	G	503	480	477	481	486	485	481	485	480	481	486	494	481	480	485	480	no			
486	G	504	481	478	482	487	486	482	486	481	482	487	495	482	481	486	481	no			
487	C	505	482	479	483	488	487	483	487	482	483	488	496	483	482	487	482	no			
488	I	506	483	480	484	489	488	484	488	483	484	489	497	484	483	488	483	no			
489	N	507	484	481	485	490	489	485	489	484	485	490	498	485	484	489	484	no			
490	A	508	485	482	486	491	490	486	490	485	486	491	499	486	485	490	485	no	Fingers		
491	N	509	486	483	487	492	491	487	491	486	487	492	500	487	486	491	486	no	Fingers		
492	Q	510	487	484	488	493	492	488	492	487	488	493	501	488	487	492	487	no	Fingers		
493	V	511	488	485	489	494	493	489	493	488	489	494	502	489	488	493	488	no			
494	I	512	489	486	490	495	494	490	494	489	490	495	503	490	489	494	489	no			
495	V	513	490	487	491	496	495	491	495	490	491	496	504	491	490	495	490	no			
496	N	514	491	488	492	497	496	492	496	491	492	497	505	492	491	496	491	no			
497	N	515	492	489	493	498	497	493	497	492	493	498	506	493	492	497	492	no			
498	L	516	493	490	494	499	498	494	498	493	494	499	507	494	493	498	493	no			
499	D	517	494	491	495	500	499	495	499	494	495	500	508	495	494	499	494	no	Fingers, G motif		
500	K	518	495	492	496	501	500	496	500	495	496	501	509	496	495	500	495	no			
501	S	519	496	493	497	502	501	497	501	496	497	502	510	497	496	501	496	no			
502	A	520	497	494	498	503	502	498	502	497	498	503	511	498	497	502	497	no			
503	G	521	498	495	499	504	503	499	503	498	499	504	512	499	498	503	498	no			
504	F	522	499	496	500	505	504	500	504	499	500	505	513	500	499	504	499	no			
505	P	523	500	497	501	506	505	501	505	500	501	506	514	501	500	505	500	no			
506	F	524	501	498	502	507	506	502	506	501	502	507	515	502	501	506	501	no			
507	N	525	502	499	503	508	507	503	507	502	503	508	516	503	502	507	502	no			
508	K	526	503	500	504	509	508	504	508	503	504	509	517	504	503	508	503	no			
509	W	527	504	501	505	510	509	505	509	504	505	510	518	505	504	509	504	no			
510	G	528	505	502	506	511	510	506	510	505	506	511	519	506	505	510	505	no	Fingers, G motif		
511	K	529	506	503	507	512	511	507	511	506	507	512	520	507	506	511	506	no			
512	A	530	507	504	508	513	512	508	512	507	508	513	521	508	507	512	507	no			
513	R	531	508	505	509	514	513	509	513	508	509	514	522	509	508	513	508	no			
514	L	532	509	506	510	515	514	510	514	509	510	515	523	510	509	514	509	no			
515	Y	533	510	507	511	516	515	511	515	510	511	516	524	511	510	515	510	no			
516	Y	534	511	508	512	517	516	512	516	511	512	517	525	512	511	516	511	no			
517	D	535	512	509	513	518	517	513	517	512	513	518	526	513	512	517	512	no			
518	S	536	513	510	514	519	518	514	518	513	514	519	0	514	513	518	513	no			
519	M	537	514	511	515	520	519	515	519	514	515	520	527	515	514	519	514	no			
520	S	538	515	512	516	521	520	516	520	515	516	521	528	516	515	520	515	no			
521	Y	539	516	513	517	522	521	517	521	516	517	522	529	517	516	521	516	no			
522	E	540	517	514	518	523	522	518	522	517	518	523	530	518	517	522	517	no	Fingers		
523	D	541	518	515	519	524	523	519	523	518	519	524	531	519	518	523	518	no	Fingers		
524	Q	542	519	516	520	525	524	520	524	519	520	525	532	520	519	524	519	no			
525	D	543	520	517	521	526	525	521	525	520	521	526	533	521	520	525	520	no			
526	A	544	521	518	522	527	526	522	526	521	522	527	534	522	521	526	521	no			
527	L	545	522	519	523	528	527	523	527	522	523	528	535	523	522	527	522	no			
528	F	546	523	520	524	529	528	524	528	523	524	529	536	524	523	528	523	no			
529	A	547	524	521	525	530	529	525	529	524	525	530	537	525	524	529	524	no			
530	Y	548	525	522	526	531	530	526	530	525	526	531	538	526	525	530	525	no			
531	T	549	526	523	527	532	531	527	531	526	527	532	539	527	526	531	526	no			
532	K	550	527	524	528	533	532	528	532	527	528	533	540	528	527	532	527	no			
533	R	551	528	525	529	534	533	529	533	528	529	534	541	529	528	533	528	no			
534	N	552	529	526	530	535	534	530	534	529	530	535	542	530	529	534	529	no			
535	V	553	530	527	531	536	535	531	535	530	531	536	543	531	530	535	530	no			
536	I	554	531	528	532	537	536	532	536	531	532	537	544	532	531	536	531	no			
537	P	555	532	529	533	538	537	533	537	532	533	538	545	533	532	537	532	no			
538	T	556	533	530	534	539	538	534	538	533	534	539	546	534	533	538	533	no			
539	I	557	534	531	535	540	539	535	539	534	535	540	547	535	534	539	534	no			
540	T	558	535	532	536	541	540	536	540	535	536	541	548	536	535	540	535	no			
541	Q	559	536	533	537	542	541	537	541	536	537	542	549	537	536	541	536	no			
542	M	560	537	534	538	543	542	538	542	537	538	543	550	538	537	542	537	no			
543	N	561	538	535	539	544	543	539	543	538	539	544	551	539	538	543	538	no			
544	L	562	539	536	540	545	544	540	544	539	540	545	552	540	539	544	539	no	Fingers, F motif		
545	K	563	540	537	541	546	545	541	545	540	541	546	553	541	540	545	540	no	Fingers, F motif,  highly conserved, hydrophilic residue forming the  NTP (nucleoside triphosphate ) entry channel, potential contact with theaflavin	Loss of charge, could disturb the polymerase activity	10.1002/jmv.25761
546	Y	564	541	538	542	547	546	542	546	541	542	547	554	542	541	546	541	no			
547	A	565	542	539	543	548	547	543	547	542	543	548	555	543	542	547	542	no			
548	I	566	543	540	544	549	548	544	548	543	544	549	556	544	543	548	543	no			
549	S	567	544	541	545	550	549	545	549	544	545	550	557	545	544	549	544	no			
550	A	568	545	542	546	551	550	546	550	545	546	551	558	546	545	550	545	no			
551	K	569	546	543	547	552	551	547	551	546	547	552	559	547	546	551	546	no			
552	N	570	547	544	548	553	552	548	552	547	548	553	560	548	547	552	547	no	Fingers, F motif		
553	R	571	548	545	549	554	553	549	553	548	549	554	561	549	548	553	548	no			
554	A	572	549	546	550	555	554	550	554	549	550	555	562	550	549	554	549	no			
555	R	573	550	547	551	556	555	551	555	550	551	556	563	551	550	555	550	no			
556	T	574	551	548	552	557	556	552	556	551	552	557	564	552	551	556	551	no			
557	V	575	552	549	553	558	557	553	557	552	553	558	565	553	552	557	552	no			
558	A	576	553	550	554	559	558	554	558	553	554	559	566	554	553	558	553	no	Fingers, F motif		
559	G	577	554	551	555	560	559	555	559	554	555	560	567	555	554	559	554	no	Fingers, F motif		
560	V	578	555	552	556	561	560	556	560	555	556	561	568	556	555	560	555	no			
561	S	579	556	553	557	562	561	557	561	556	557	562	569	557	556	561	556	no			
562	I	580	557	554	558	563	562	558	562	557	558	563	570	558	557	562	557	no			
563	C	581	558	555	559	564	563	559	563	558	559	564	571	559	558	563	558	no			
564	S	582	559	556	560	565	564	560	564	559	560	565	572	560	559	564	559	no			
565	T	583	560	557	561	566	565	561	565	560	561	566	573	561	560	565	560	no			
566	M	584	561	558	562	567	566	562	566	561	562	567	574	562	561	566	561	no			
567	T	585	562	559	563	568	567	563	567	562	563	568	575	563	562	567	562	no			
568	N	586	563	560	564	569	568	564	568	563	564	569	576	564	563	568	563	no	Fingers		
569	R	587	564	561	565	570	569	565	569	564	565	570	577	565	564	569	564	no			
570	Q	588	565	562	566	571	570	566	570	565	566	571	578	566	565	570	565	no			
571	F	589	566	563	567	572	571	567	571	566	567	572	579	567	566	571	566	no			
572	H	590	567	564	568	573	572	568	572	567	568	573	580	568	567	572	567	no			
573	Q	591	568	565	569	574	573	569	573	568	569	574	581	569	568	573	568	no	Fingers		
574	K	592	569	566	570	575	574	570	574	569	570	575	582	570	569	574	569	no			
575	L	593	570	567	571	576	575	571	575	570	571	576	583	571	570	575	570	no			
576	L	594	571	568	572	577	576	572	576	571	572	577	584	572	571	576	571	no			
577	K	595	572	569	573	578	577	573	577	572	573	578	585	573	572	577	572	no			
578	S	596	573	570	574	579	578	574	578	573	574	579	586	574	573	578	573	no			
579	I	597	574	571	575	580	579	575	579	574	575	580	587	575	574	579	574	no			
580	A	598	575	572	576	581	580	576	580	575	576	581	588	576	575	580	575	no			
581	A	599	576	573	577	582	581	577	581	576	577	582	589	577	576	581	576	no			
582	T	600	577	574	578	583	582	578	582	577	578	583	590	578	577	582	577	no			
583	R	601	578	575	579	584	583	579	583	578	579	584	591	579	578	583	578	no			
584	G	602	579	576	580	585	584	580	584	579	580	585	592	580	579	584	579	no			
585	A	603	580	577	581	586	585	581	585	580	581	586	593	581	580	585	580	no	Palm		
586	T	604	581	578	582	587	586	582	586	581	582	587	594	582	581	586	581	no			
587	V	605	582	579	583	588	587	583	587	582	583	588	595	583	582	587	582	no	Palm		
588	V	606	583	580	584	589	588	584	588	583	584	589	596	584	583	588	583	no	Palm		
589	I	607	584	581	585	590	589	585	589	584	585	590	597	585	584	589	584	no	Palm		
590	G	608	585	582	586	591	590	586	590	585	586	591	598	586	585	590	585	no			
591	T	609	586	583	587	592	591	587	591	586	587	592	599	587	586	591	586	no			
592	S	610	587	584	588	593	592	588	592	587	588	593	600	588	587	592	587	no			
593	K	611	588	585	589	594	593	589	593	588	589	594	601	589	588	593	588	no			
594	F	612	589	586	590	595	594	590	594	589	590	595	602	590	589	594	589	no			
595	Y	613	590	587	591	596	595	591	595	590	591	596	603	591	590	595	590	no			
596	G	614	591	588	592	597	596	592	596	591	592	597	604	592	591	596	591	no			
597	G	615	592	589	593	598	597	593	597	592	593	598	605	593	592	597	592	no	Palm		
598	W	616	593	590	594	599	598	594	598	593	594	599	606	594	593	598	593	no			
599	H	617	594	591	595	600	599	595	599	594	595	600	607	595	594	599	594	no			
600	N	618	595	592	596	601	600	596	600	595	596	601	608	596	595	600	595	no			
601	M	619	596	593	597	602	601	597	601	596	597	602	609	597	596	601	596	no			
602	L	620	597	594	598	603	602	598	602	597	598	603	610	598	597	602	597	no	Palm		
603	K	621	598	595	599	604	603	599	603	598	599	604	611	599	598	603	598	no			
604	T	622	599	596	600	605	604	600	604	599	600	605	612	600	599	604	599	no			
605	V	623	600	597	601	606	605	601	605	600	601	606	613	601	600	605	600	no			
606	Y	624	601	598	602	607	606	602	606	601	602	607	614	602	601	606	601	no			
607	S	625	602	599	603	608	607	603	607	602	603	608	615	603	602	607	602	no			
608	D	626	603	600	604	609	608	604	608	603	604	609	616	604	603	608	603	no			
609	V	627	604	601	605	610	609	605	609	604	605	610	617	605	604	609	604	no			
610	E	628	605	602	606	611	610	606	610	605	606	611	618	606	605	610	605	no			
611	N	629	606	603	607	612	611	607	611	606	607	612	619	607	606	611	606	no			
612	P	630	607	604	608	613	612	608	612	607	608	613	620	608	607	612	607	no			
613	H	631	608	605	609	614	613	609	613	608	609	614	621	609	608	613	608	no	Palm, A motif, tested for resistance to ntp analogues antiviral, no impact.		10.1128/JVI.00080-16
614	L	632	609	606	610	615	614	610	614	609	610	615	622	610	609	614	609	no			
615	M	633	610	607	611	616	615	611	615	610	611	616	623	611	610	615	610	no			
616	G	634	611	608	612	617	616	612	616	611	612	617	624	612	611	616	611	no	Palm, A motif		
617	W	635	612	609	613	618	617	613	617	612	613	618	625	613	612	617	612	no			
618	D	636	613	610	614	619	618	614	618	613	614	619	626	614	613	618	613	no			
619	Y	637	614	611	615	620	619	615	619	614	615	620	627	615	614	619	614	no			
620	P	638	615	612	616	621	620	616	620	615	616	621	628	616	615	620	615	no			
621	K	639	616	613	617	622	621	617	621	616	617	622	629	617	616	621	616	no			
622	C	640	617	614	618	623	622	618	622	617	618	623	630	618	617	622	617	no			
623	D	641	618	615	619	624	623	619	623	618	619	624	631	619	618	623	618	no			
624	R	642	619	616	620	625	624	620	624	619	620	625	632	620	619	624	619	no			
625	A	643	620	617	621	626	625	621	625	620	621	626	633	621	620	625	620	no			
626	M	644	621	618	622	627	626	622	626	621	622	627	634	622	621	626	621	no			
627	P	645	622	619	623	628	627	623	627	622	623	628	635	623	622	627	622	no			
628	N	646	623	620	624	629	628	624	628	623	624	629	636	624	623	628	623	no			
629	M	647	624	621	625	630	629	625	629	624	625	630	637	625	624	629	624	no	Fingers		
630	L	648	625	622	626	631	630	626	630	625	626	631	638	626	625	630	625	no			
631	R	649	626	623	627	632	631	627	631	626	627	632	639	627	626	631	626	no			
632	I	650	627	624	628	633	632	628	632	627	628	633	640	628	627	632	627	no			
633	M	651	628	625	629	634	633	629	633	628	629	634	641	629	628	633	628	no			
634	A	652	629	626	630	635	634	630	634	629	630	635	642	630	629	634	629	no			
635	S	653	630	627	631	636	635	631	635	630	631	636	643	631	630	635	630	no			
636	L	654	631	628	632	637	636	632	636	631	632	637	644	632	631	636	631	no			
637	V	655	632	629	633	638	637	633	637	632	633	638	645	633	632	637	632	no			
638	L	656	633	630	634	639	638	634	638	633	634	639	646	634	633	638	633	no			
639	A	657	634	631	635	640	639	635	639	634	635	640	647	635	634	639	634	no			
640	R	658	635	632	636	641	640	636	640	635	636	641	648	636	635	640	635	no	Fingers		
641	K	659	636	633	637	642	641	637	641	636	637	642	649	637	636	641	636	no			
642	H	660	637	634	638	643	642	638	642	637	638	643	650	638	637	642	637	no			
643	T	661	638	635	639	644	643	639	643	638	639	644	651	639	638	643	638	no			
644	T	662	639	636	640	645	644	640	644	639	640	645	652	640	639	644	639	no	Fingers		
645	C	663	640	637	641	646	645	641	645	640	641	646	653	641	640	645	640	no			
646	C	664	641	638	642	647	646	642	646	641	642	647	654	642	641	646	641	no			
647	S	665	642	639	643	648	647	643	647	642	643	648	655	643	642	647	642	no			
648	L	666	643	640	644	649	648	644	648	643	644	649	656	644	643	648	643	no			
649	S	667	644	641	645	650	649	645	649	644	645	650	657	645	644	649	644	no			
650	H	668	645	642	646	651	650	646	650	645	646	651	658	646	645	650	645	no			
651	R	669	646	643	647	652	651	647	651	646	647	652	659	647	646	651	646	no			
652	F	670	647	644	648	653	652	648	652	647	648	653	660	648	647	652	647	no			
653	Y	671	648	645	649	654	653	649	653	648	649	654	661	649	648	653	648	no	Fingers		
654	R	672	649	646	650	655	654	650	654	649	650	655	662	650	649	654	649	no			
655	L	673	650	647	651	656	655	651	655	650	651	656	663	651	650	655	650	no			
656	A	674	651	648	652	657	656	652	656	651	652	657	664	652	651	656	651	no			
657	N	675	652	649	653	658	657	653	657	652	653	658	665	653	652	657	652	no			
658	E	676	653	650	654	659	658	654	658	653	654	659	666	654	653	658	653	no			
659	C	677	654	651	655	660	659	655	659	654	655	660	667	655	654	659	654	no			
660	A	678	655	652	656	661	660	656	660	655	656	661	668	656	655	660	655	no			
661	Q	679	656	653	657	662	661	657	661	656	657	662	669	657	656	661	656	no			
662	V	680	657	654	658	663	662	658	662	657	658	663	670	658	657	662	657	no			
663	L	681	658	655	659	664	663	659	663	658	659	664	671	659	658	663	658	no			
664	S	682	659	656	660	665	664	660	664	659	660	665	672	660	659	664	659	no			
665	E	683	660	657	661	666	665	661	665	660	661	666	673	661	660	665	660	no			
666	M	684	661	658	662	667	666	662	666	661	662	667	674	662	661	666	661	no			
667	V	685	662	659	663	668	667	663	667	662	663	668	675	663	662	667	662	no			
668	M	686	663	660	664	669	668	664	668	663	664	669	676	664	663	668	663	no			
669	C	687	664	661	665	670	669	665	669	664	665	670	677	665	664	669	664	no			
670	G	688	665	662	666	671	670	666	670	665	666	671	678	666	665	670	665	no			
671	G	689	666	663	667	672	671	667	671	666	667	672	679	667	666	671	666	no			
672	S	690	667	664	668	673	672	668	672	667	668	673	680	668	667	672	667	no			
673	L	691	668	665	669	674	673	669	673	668	669	674	681	669	668	673	668	no			
674	Y	692	669	666	670	675	674	670	674	669	670	675	682	670	669	674	669	no			
675	V	693	670	667	671	676	675	671	675	670	671	676	683	671	670	675	670	no			
676	K	694	671	668	672	677	676	672	676	671	672	677	684	672	671	676	671	no			
677	P	695	672	669	673	678	677	673	677	672	673	678	685	673	672	677	672	no			
678	G	696	673	670	674	679	678	674	678	673	674	679	686	674	673	678	673	no			
679	G	697	674	671	675	680	679	675	679	674	675	680	687	675	674	679	674	no			
680	T	698	675	672	676	681	680	676	680	675	676	681	688	676	675	680	675	no			
681	S	699	676	673	677	682	681	677	681	676	677	682	689	677	676	681	676	no			
682	S	700	677	674	678	683	682	678	682	677	678	683	690	678	677	682	677	no			
683	G	701	678	675	679	684	683	679	683	678	679	684	691	679	678	683	678	no			
684	D	702	679	676	680	685	684	680	684	679	680	685	692	680	679	684	679	no			
685	A	703	680	677	681	686	685	681	685	680	681	686	693	681	680	685	680	no			
686	T	704	681	678	682	687	686	682	686	681	682	687	694	682	681	686	681	no			
687	T	705	682	679	683	688	687	683	687	682	683	688	695	683	682	687	682	no			
688	A	706	683	680	684	689	688	684	688	683	684	689	696	684	683	688	683	no			
689	Y	707	684	681	685	690	689	685	689	684	685	690	697	685	684	689	684	no			
690	A	708	685	682	686	691	690	686	690	685	686	691	698	686	685	690	685	no			
691	N	709	686	683	687	692	691	687	691	686	687	692	699	687	686	691	686	no			
692	S	710	687	684	688	693	692	688	692	687	688	693	700	688	687	692	687	no			
693	V	711	688	685	689	694	693	689	693	688	689	694	701	689	688	693	688	no			
694	F	712	689	686	690	695	694	690	694	689	690	695	702	690	689	694	689	no			
695	N	713	690	687	691	696	695	691	695	690	691	696	703	691	690	695	690	no			
696	I	714	691	688	692	697	696	692	696	691	692	697	704	692	691	696	691	no			
697	C	715	692	689	693	698	697	693	697	692	693	698	705	693	692	697	692	no			
698	Q	716	693	690	694	699	698	694	698	693	694	699	706	694	693	698	693	no	Palm, B motif		
699	A	717	694	691	695	700	699	695	699	694	695	700	707	695	694	699	694	no			
700	V	718	695	692	696	701	700	696	700	695	696	701	708	696	695	700	695	no			
701	T	719	696	693	697	702	701	697	701	696	697	702	709	697	696	701	696	no			
702	A	720	697	694	698	703	702	698	702	697	698	703	710	698	697	702	697	no			
703	N	721	698	695	699	704	703	699	703	698	699	704	711	699	698	703	698	no			
704	V	722	699	696	700	705	704	700	704	699	700	705	712	700	699	704	699	no			
705	N	723	700	697	701	706	705	701	705	700	701	706	713	701	700	705	700	no			
706	A	724	701	698	702	707	706	702	706	701	702	707	714	702	701	706	701	no			
707	L	725	702	699	703	708	707	703	707	702	703	708	715	703	702	707	702	no			
708	L	726	703	700	704	709	708	704	708	703	704	709	716	704	703	708	703	no			
709	S	727	704	701	705	710	709	705	709	704	705	710	717	705	704	709	704	no			
710	T	728	705	702	706	711	710	706	710	705	706	711	718	706	705	710	705	no			
711	D	729	706	703	707	712	711	707	711	706	707	712	719	707	706	711	706	no			
712	G	730	707	704	708	713	712	708	712	707	708	713	720	708	707	712	707	no			
713	N	731	708	705	709	714	713	709	713	708	709	714	721	709	708	713	708	no			
714	K	732	709	706	710	715	714	710	714	709	710	715	722	710	709	714	709	no			
715	I	733	710	707	711	716	715	711	715	710	711	716	723	711	710	715	710	no			
716	A	734	711	708	712	717	716	712	716	711	712	717	724	712	711	716	711	no			
717	D	735	712	709	713	718	717	713	717	712	713	718	725	713	712	717	712	no			
718	K	736	713	710	714	719	718	714	718	713	714	719	726	714	713	718	713	no			
719	Y	737	714	711	715	720	719	715	719	714	715	720	727	715	714	719	714	no			
720	V	738	715	712	716	721	720	716	720	715	716	721	728	716	715	720	715	no			
721	R	739	716	713	717	722	721	717	721	716	717	722	729	717	716	721	716	no	Palm		
722	N	740	717	714	718	723	722	718	722	717	718	723	730	718	717	722	717	no			
723	L	741	718	715	719	724	723	719	723	718	719	724	731	719	718	723	718	no			
724	Q	742	719	716	720	725	724	720	724	719	720	725	732	720	719	724	719	no			
725	H	743	720	717	721	726	725	721	725	720	721	726	733	721	720	725	720	no			
726	R	744	721	718	722	727	726	722	726	721	722	727	734	722	721	726	721	no			
727	L	745	722	719	723	728	727	723	727	722	723	728	735	723	722	727	722	no			
728	Y	746	723	720	724	729	728	724	728	723	724	729	736	724	723	728	723	no			
729	E	747	724	721	725	730	729	725	729	724	725	730	737	725	724	729	724	no			
730	C	748	725	722	726	731	730	726	730	725	726	731	738	726	725	730	725	no			
731	L	749	726	723	727	732	731	727	731	726	727	732	739	727	726	731	726	no			
732	Y	750	727	724	728	733	732	728	732	727	728	733	740	728	727	732	727	no			
733	R	751	728	725	729	734	733	729	733	728	729	734	741	729	728	733	728	no			
734	N	752	729	726	730	735	734	730	734	729	730	735	742	730	729	734	729	no			
735	R	753	730	727	731	736	735	731	735	730	731	736	743	731	730	735	730	no			
736	D	754	731	728	732	737	736	732	736	731	732	737	744	732	731	736	731	no			
737	V	755	732	729	733	738	737	733	737	732	733	738	745	733	732	737	732	no	Palm		
738	D	756	733	730	734	739	738	734	738	733	734	739	746	734	733	738	733	no			
739	T	757	734	731	735	740	739	735	739	734	735	740	747	735	734	739	734	no			
740	D	758	735	732	736	741	740	736	740	735	736	741	748	736	735	740	735	no			
741	F	759	736	733	737	742	741	737	741	736	737	742	749	737	736	741	736	no			
742	V	760	737	734	738	743	742	738	742	737	738	743	750	738	737	742	737	no			
743	N	761	738	735	739	744	743	739	743	738	739	744	751	739	738	743	738	no			
744	E	762	739	736	740	745	744	740	744	739	740	745	752	740	739	744	739	no			
745	F	763	740	737	741	746	745	741	745	740	741	746	753	741	740	745	740	no			
746	Y	764	741	738	742	747	746	742	746	741	742	747	754	742	741	746	741	no	Palm		
747	A	765	742	739	743	748	747	743	747	742	743	748	755	743	742	747	742	no			
748	Y	766	743	740	744	749	748	744	748	743	744	749	756	744	743	748	743	no			
749	L	767	744	741	745	750	749	745	749	744	745	750	757	745	744	749	744	no			
750	R	768	745	742	746	751	750	746	750	745	746	751	758	746	745	750	745	no			
751	K	769	746	743	747	752	751	747	751	746	747	752	759	747	746	751	746	no			
752	H	770	747	744	748	753	752	748	752	747	748	753	760	748	747	752	747	no			
753	F	771	748	745	749	754	753	749	753	748	749	754	761	749	748	753	748	no			
754	S	772	749	746	750	755	754	750	754	749	750	755	762	750	749	754	749	no			
755	M	773	750	747	751	756	755	751	755	750	751	756	763	751	750	755	750	no			
756	M	774	751	748	752	757	756	752	756	751	752	757	764	752	751	756	751	no			
757	I	775	752	749	753	758	757	753	757	752	753	758	765	753	752	757	752	no			
758	L	776	753	750	754	759	758	754	758	753	754	759	766	754	753	758	753	no			
759	S	777	754	751	755	760	759	755	759	754	755	760	767	755	754	759	754	no			
760	D	778	755	752	756	761	760	756	760	755	756	761	768	756	755	760	755	no			
761	D	779	756	0	757	762	761	757	761	756	757	762	769	757	756	761	756	no			
762	A	780	757	0	758	763	762	758	762	757	758	763	770	758	757	762	757	no			
763	V	781	758	0	759	764	763	759	763	758	759	764	771	759	758	763	758	no			
764	V	782	759	0	760	765	764	760	764	759	760	765	772	760	759	764	759	no			
765	C	783	760	0	761	766	765	761	765	760	761	766	773	761	760	765	760	no			
766	F	784	761	0	762	767	766	762	766	761	762	767	774	762	761	766	761	no			
767	N	785	762	0	763	768	767	763	767	762	763	768	775	763	762	767	762	no			
768	S	786	763	0	764	769	768	764	768	763	764	769	776	764	763	768	763	no			
769	T	787	764	0	765	770	769	765	769	764	765	770	777	765	764	769	764	no			
770	Y	788	765	0	766	771	770	766	770	765	766	771	778	766	765	770	765	no			
771	A	789	766	0	767	772	771	767	771	766	767	772	779	767	766	771	766	no			
772	S	790	767	0	768	773	772	768	772	767	768	773	780	768	767	772	767	no			
773	Q	791	768	0	769	774	773	769	773	768	769	774	781	769	768	773	768	no			
774	G	792	769	0	770	775	774	770	774	769	770	775	782	770	769	774	769	no			
775	L	793	770	0	771	776	775	771	775	770	771	776	783	771	770	775	770	no			
776	V	794	771	0	772	777	776	772	776	771	772	777	784	772	771	776	771	no			
777	A	795	772	0	773	778	777	773	777	772	773	778	785	773	772	777	772	no	Palm, D motif		
778	S	796	773	0	774	779	778	774	778	773	774	779	786	774	773	778	773	no			
779	I	797	774	0	775	780	779	775	779	774	775	780	787	775	774	779	774	no			
780	K	798	775	0	776	781	780	776	780	775	776	781	788	776	775	780	775	no			
781	N	799	776	0	777	782	781	777	781	776	777	782	789	777	776	781	776	no			
782	F	800	777	0	778	783	782	778	782	777	778	783	790	778	777	782	777	no			
783	K	801	778	0	779	784	783	779	783	778	779	784	791	779	778	783	778	no			
784	S	802	779	0	780	785	784	780	784	779	780	785	792	780	779	784	779	no			
785	V	803	780	0	781	786	785	781	785	780	781	786	793	781	780	785	780	no			
786	L	804	781	0	782	787	786	782	786	781	782	787	794	782	781	786	781	no			
787	Y	805	782	0	783	788	787	783	787	782	783	788	795	783	782	787	782	no			
788	Y	806	783	0	784	789	788	784	788	783	784	789	796	784	783	788	783	no	Palm, D motif, highly conserved		
789	Q	807	784	0	785	790	789	785	789	784	785	790	797	785	784	789	784	no			
790	N	808	785	0	786	791	790	786	790	785	786	791	798	786	785	790	785	no			
791	N	809	786	0	787	792	791	787	791	786	787	792	799	787	786	791	786	no			
792	V	810	787	0	788	793	792	788	792	787	788	793	800	788	787	792	787	no			
793	F	811	788	0	789	794	793	789	793	788	789	794	801	789	788	793	788	no			
794	M	812	789	0	790	795	794	790	794	789	790	795	802	790	789	794	789	no			
795	S	813	790	0	791	796	795	791	795	790	791	796	803	791	790	795	790	no			
796	E	814	791	0	792	797	796	792	796	791	792	797	804	792	791	796	791	no			
797	A	815	792	0	793	798	797	793	797	792	793	798	805	793	792	797	792	no			
798	K	816	793	0	794	799	798	794	798	793	794	799	806	794	793	798	793	no			
799	C	817	794	0	795	800	799	795	799	794	795	800	807	795	794	799	794	no			
800	W	818	795	0	796	801	800	796	800	795	796	801	808	796	795	800	795	no			
801	T	819	796	0	797	802	801	797	801	796	797	802	809	797	796	801	796	no			
802	E	820	797	0	798	803	802	798	802	797	798	803	810	798	797	802	797	no			
803	T	821	798	0	799	804	803	799	803	798	799	804	811	799	798	803	798	no			
804	D	822	799	0	800	805	804	800	804	799	800	805	812	800	799	804	799	no			
805	L	823	800	0	801	806	805	801	805	800	801	806	813	801	800	805	800	no			
806	T	824	801	0	802	807	806	802	806	801	802	807	814	802	801	806	801	no			
807	K	825	802	0	803	808	807	803	807	802	803	808	815	803	802	807	802	no			
808	G	826	803	0	804	809	808	804	808	803	804	809	816	804	803	808	803	no			
809	P	827	804	0	805	810	809	805	809	804	805	810	817	805	804	809	804	no			
810	H	828	805	0	806	811	810	806	810	805	806	811	818	806	805	810	805	no			
811	E	829	806	0	807	812	811	807	811	806	807	812	819	807	806	811	806	no			
812	F	830	807	0	808	813	812	808	812	807	808	813	820	808	807	812	807	no			
813	C	831	808	0	809	814	813	809	813	808	809	814	821	809	808	813	808	no			
814	S	832	809	0	810	815	814	810	814	809	810	815	822	810	809	814	809	no			
815	Q	833	810	0	811	816	815	811	815	810	811	816	823	811	810	815	810	no			
816	H	834	811	0	812	817	816	812	816	811	812	817	824	812	811	816	811	no			
817	T	835	812	0	813	818	817	813	817	812	813	818	825	813	812	817	812	no			
818	M	836	813	0	814	819	818	814	818	813	814	819	826	814	813	818	813	no			
819	L	837	814	0	815	820	819	815	819	814	815	820	827	815	814	819	814	no	Thumb, E motif		
820	V	838	815	0	816	821	820	816	820	815	816	821	828	816	815	820	815	no	Thumb, E motif		
821	K	839	816	0	817	822	821	817	821	816	817	822	829	817	816	821	816	no			
822	Q	840	817	0	818	823	822	818	822	817	818	823	830	818	817	822	817	no	Thumb		
823	G	841	818	0	819	824	823	819	823	818	819	824	831	819	818	823	818	no	Thumb		
824	D	842	819	0	820	825	824	820	824	819	820	825	832	820	819	824	819	no			
825	D	843	820	0	821	826	825	821	825	820	821	826	833	821	820	825	820	no			
826	Y	844	821	0	822	827	826	822	826	821	822	827	834	822	821	826	821	no			
827	V	845	822	0	823	828	827	823	827	822	823	828	835	823	822	827	822	no			
828	Y	846	823	0	824	829	828	824	828	823	824	829	836	824	823	828	823	no			
829	L	847	824	0	825	830	829	825	829	824	825	830	837	825	824	829	824	no			
830	P	848	825	0	826	831	830	826	830	825	826	831	838	826	825	830	825	no			
831	Y	849	826	0	827	832	831	827	831	826	827	832	839	827	826	831	826	no			
832	P	850	827	0	828	833	832	828	832	827	828	833	840	828	827	832	827	no			
833	D	851	828	0	829	834	833	829	833	828	829	834	841	829	828	833	828	no			
834	P	852	829	0	830	835	834	830	834	829	830	835	842	830	829	834	829	no			
835	S	853	830	0	831	836	835	831	835	830	831	836	843	831	830	835	830	no			
836	R	854	831	0	832	837	836	832	836	831	832	837	844	832	831	836	831	no	Thumb, Interaction with RNA		10.1101/2020.04.27.063180
837	I	855	832	0	833	838	837	833	837	832	833	838	845	833	832	837	832	no			
838	L	856	833	0	834	839	838	834	838	833	834	839	846	834	833	838	833	no			
839	G	857	834	0	835	840	839	835	839	834	835	840	847	835	834	839	834	no			
840	A	858	835	0	836	841	840	836	840	835	836	841	848	836	835	840	835	no			
841	G	859	836	0	837	842	841	837	841	836	837	842	849	837	836	841	836	no			
842	C	860	837	0	838	843	842	838	842	837	838	843	850	838	837	842	837	no			
843	F	861	838	0	839	844	843	839	843	838	839	844	851	839	838	843	838	no			
844	V	862	839	0	840	845	844	840	844	839	840	845	852	840	839	844	839	no			
845	D	863	840	0	841	846	845	841	845	840	841	846	853	841	840	845	840	no			
846	D	864	841	0	842	847	846	842	846	841	842	847	854	842	841	846	841	no			
847	I	865	842	0	843	848	847	843	847	842	843	848	855	843	842	847	842	no			
848	V	866	843	0	844	849	848	844	848	843	844	849	856	844	843	848	843	no	Thumb		
849	K	867	844	0	845	850	849	845	849	844	845	850	857	845	844	849	844	no			
850	T	868	845	0	846	851	850	846	850	845	846	851	858	846	845	850	845	no			
851	D	869	846	0	847	852	851	847	851	846	847	852	859	847	846	851	846	no			
852	G	870	847	0	848	853	852	848	852	847	848	853	860	848	847	852	847	no			
853	T	871	848	0	849	854	853	849	853	848	849	854	861	849	848	853	848	no			
854	L	872	849	0	850	855	854	850	854	849	850	855	862	850	849	854	849	no			
855	M	873	850	0	851	856	855	851	855	850	851	856	863	851	850	855	850	no			
856	I	874	851	0	852	857	856	852	856	851	852	857	864	852	851	856	851	no			
857	E	875	852	0	853	858	857	853	857	852	853	858	865	853	852	857	852	no			
858	R	876	853	0	854	859	858	854	858	853	854	859	866	854	853	858	853	no			
859	F	877	854	0	855	860	859	855	859	854	855	860	867	855	854	859	854	no			
860	V	878	855	0	856	861	860	856	860	855	856	861	868	856	855	860	855	no			
861	S	879	856	0	857	862	861	857	861	856	857	862	869	857	856	861	856	no			
862	L	880	857	0	858	863	862	858	862	857	858	863	870	858	857	862	857	no			
863	A	881	858	0	859	864	863	859	863	858	859	864	871	859	858	863	858	no	Thumb, helix, Domain of interaction with a minor groove of Gn motif in the fingers		
864	I	882	859	0	860	865	864	860	864	859	860	865	872	860	859	864	859	no			
865	D	883	860	0	861	866	865	861	865	860	861	866	873	861	860	865	860	no			
866	A	884	861	0	862	867	866	862	866	861	862	867	874	862	861	866	861	no			
867	Y	885	862	0	863	868	867	863	867	862	863	868	875	863	862	867	862	no			
868	P	886	863	0	864	869	868	864	868	863	864	869	876	864	863	868	863	no			
869	L	887	864	0	865	870	869	865	869	864	865	870	877	865	864	869	864	no			
870	T	888	865	0	866	871	870	866	870	865	866	871	878	866	865	870	865	no			
871	K	889	866	0	867	872	871	867	871	866	867	872	879	867	866	871	866	no			
872	H	890	867	0	868	873	872	868	872	867	868	873	880	868	867	872	867	no			
873	P	891	868	0	869	874	873	869	873	868	869	874	881	869	868	873	868	no			
874	N	892	869	0	870	875	874	870	874	869	870	875	882	870	869	874	869	no			
875	Q	893	870	0	871	876	875	871	875	870	871	876	883	871	870	875	870	no			
876	E	894	871	0	872	877	876	872	876	871	872	877	884	872	871	876	871	no	Thumb		
877	Y	895	872	0	873	878	877	873	877	872	873	878	885	873	872	877	872	no			
878	A	896	873	0	874	879	878	874	878	873	874	879	886	874	873	878	873	no			
879	D	897	874	0	875	880	879	875	879	874	875	880	887	875	874	879	874	no	Thumb		
880	V	898	875	0	876	881	880	876	880	875	876	881	888	876	875	880	875	no			
881	F	899	876	0	877	882	881	877	881	876	877	882	889	877	876	881	876	no			
882	H	900	877	0	878	883	882	878	882	877	878	883	890	878	877	882	877	no			
883	L	901	878	0	879	884	883	879	883	878	879	884	891	879	878	883	878	no			
884	Y	902	879	0	880	885	884	880	884	879	880	885	892	880	879	884	879	no			
885	L	903	880	0	881	886	885	881	885	880	881	886	893	881	880	885	880	no			
886	Q	904	881	0	882	887	886	882	886	881	882	887	894	882	881	886	881	no			
887	Y	905	882	0	883	888	887	883	887	882	883	888	895	883	882	887	882	no			
888	I	906	883	0	884	889	888	884	888	883	884	889	896	884	883	888	883	no			
889	R	907	884	0	885	890	889	885	889	884	885	890	897	885	884	889	884	no			
890	K	908	885	0	886	891	890	886	890	885	886	891	898	886	885	890	885	no			
891	L	909	886	0	887	892	891	887	891	886	887	892	899	887	886	891	886	no			
892	H	910	887	0	888	893	892	888	892	887	888	893	900	888	887	892	887	no			
893	D	911	888	0	889	894	893	889	893	888	889	894	901	889	888	893	888	no			
894	E	912	889	0	890	895	894	890	894	889	890	895	902	890	889	894	889	no			
895	L	913	890	0	891	896	895	891	895	890	891	896	903	891	890	895	890	no			
896	T	914	891	0	892	897	896	892	896	891	892	897	904	892	891	896	891	no			
897	G	915	892	0	893	898	897	893	897	892	893	898	905	893	892	897	892	no	Thumb		
898	H	916	893	0	894	899	898	894	898	893	894	899	906	894	893	898	893	no			
899	M	917	894	0	895	900	899	895	899	894	895	900	907	895	894	899	894	no			
900	L	918	895	0	896	901	900	896	900	895	896	901	908	896	895	900	895	no			
901	D	919	896	0	897	902	901	897	901	896	897	902	909	897	896	901	896	no			
902	M	920	897	0	898	903	902	898	902	897	898	903	910	898	897	902	897	no			
903	Y	921	898	0	899	904	903	899	903	898	899	904	911	899	898	903	898	no			
904	S	922	899	0	900	905	904	900	904	899	900	905	912	900	899	904	899	no			
905	V	923	900	0	901	906	905	901	905	900	901	906	913	901	900	905	900	no			
906	M	924	901	0	902	907	906	902	906	901	902	907	914	902	901	906	901	no			
907	L	925	902	0	903	908	907	903	907	902	903	908	915	903	902	907	902	no			
908	T	926	903	0	904	909	908	904	908	903	904	909	916	904	903	908	903	no			
909	N	927	904	0	905	910	909	905	909	904	905	910	917	905	904	909	904	no			
910	D	928	905	0	906	911	910	906	910	905	906	911	918	906	905	910	905	no			
911	N	929	906	0	907	912	911	907	911	906	907	912	919	907	906	911	906	no			
912	T	930	907	0	908	913	912	908	912	907	908	913	920	908	907	912	907	no			
913	S	931	908	0	909	914	913	909	913	908	909	914	921	909	908	913	908	no			
914	R	932	909	0	910	915	914	910	914	909	910	915	922	910	909	914	909	no			
915	Y	933	910	0	911	916	915	911	915	910	911	916	923	911	910	915	910	no			
916	W	934	911	0	912	917	916	912	916	911	912	917	924	912	911	916	911	no	Thumb		
917	E	935	912	0	913	918	917	913	917	912	913	918	925	913	912	917	912	no			
918	P	936	913	0	914	919	918	914	918	913	914	919	926	914	913	918	913	no			
919	E	937	914	0	915	920	919	915	919	914	915	920	927	915	914	919	914	no			
920	F	938	915	0	916	921	920	916	920	915	916	921	928	916	915	920	915	no			
921	Y	939	916	0	917	922	921	917	921	916	917	922	929	917	916	921	916	no			
922	E	940	917	0	918	923	922	918	922	917	918	923	930	918	917	922	917	no			
923	A	941	918	0	919	924	923	919	923	918	919	924	931	919	918	923	918	no	Thumb		
924	M	942	919	0	920	925	924	920	924	919	920	925	932	920	919	924	919	no			
925	Y	943	920	0	921	926	925	921	925	920	921	926	933	921	920	925	920	no			
926	T	944	921	0	922	927	926	922	926	921	922	927	934	922	921	926	921	no			
927	P	945	922	0	923	928	927	923	927	922	923	928	935	923	922	927	922	no			
928	H	946	923	0	924	929	928	924	928	923	924	929	936	924	923	928	923	no	Thumb		
929	T	947	924	0	925	930	929	925	929	924	925	930	937	925	924	929	924	no			
930	V	948	925	0	926	931	930	926	930	925	926	931	938	926	925	930	925	no			
931	L	949	926	0	927	932	931	927	931	926	927	932	939	927	926	931	926	no			
932	Q	950	927	0	928	933	932	928	932	927	928	933	940	928	927	932	927	no			
